Action,2012
Casual,2015
Indie,2006
Simulation,2006
Strategy,2012
] [,2012
Free to Play,2013
RPG,2011
2D,2011
Board Game,2013
Card Game,2013
Character Customization,2012
Competitive,2012
Dark Fantasy,2016
Design & Illustration,2012
Difficult,2012
Fantasy,2012
Female Protagonist,2011
PvP,2012
Replay Value,2011
Tactical,2012
Trading Card Game,2015
Turn-Based,2010
Sports,2015
Multiplayer,2012
Adventure,2011
,2014
FPS,2012
Shooter,2012
Sniper,2012
Third Person,2015
Third-Person Shooter,2013
Racing,2015
Cute,2015
Pixel Graphics,2011
Physics,2006
Science,2011
Tutorial,2014
"] [""1990",1998
"s""",2000
Classic,2010
Gore,2009
Singleplayer,2006
Aliens,2012
Atmospheric,2011
First-Person,2012
Funny,2006
Great Soundtrack,2015
Linear,2010
Moddable,2012
Retro,2012
Sci-fi,2012
Silent Protagonist,2004
Story Rich,2015
Turn-Based Strategy,2010
Platformer,2011
Side Scroller,2012
Massively Multiplayer,2006
Clicker,2015
Gothic,2016
Isometric,2012
Assassin,2012
Comedy,2006
Mystery,2014
Stealth,2012
Stylized,2012
Survival,2011
Co-op,2012
War,2012
Early Access,2013
Crafting,2011
Historical,2010
Hunting,2012
MMORPG,2015
Open World,2013
Realistic,2012
Rome,2013
Swordplay,2012
Trading,2012
Experience,2015
Violent,2012
Base Building,2017
Building,2006
City Builder,2015
Economy,2010
Cold War,2010
Diplomacy,2010
Psychological Horror,2015
RTS,2013
Real-Time with Pause,2013
Wargame,2014
Animation & Modeling,2006
Mod,2006
Online Co-Op,2012
Sandbox,2006
Puzzle,2011
Horror,2009
Management,2015
Cyberpunk,2013
Futuristic,2012
Arcade,2014
Destruction,2010
Driving,2013
Music,2011
Mechs,2012
Robots,2017
Exploration,2011
Underground,2002
Point & Click,2015
4X,2010
Trains,2016
Top-Down,2011
Lovecraftian,2016
Turn-Based Tactics,2013
Underwater,2007
3D Vision,2010
Action-Adventure,2013
Dinosaurs,2017
Lara Croft,2013
Parkour,2013
Remake,2014
"""Beat",2013
"em up""",2013
Character Action Game,2010
Controller,2012
Demons,2016
Hack and Slash,2013
Spectacle fighter,2014
Detective,2012
Episodic,2012
Zombies,2009
2.5D,2014
Fast-Paced,2012
World War II,2016
Alternate History,2013
Supernatural,2012
Vampire,2013
Space,2013
Games Workshop,2009
Real-Time,2013
Warhammer 40K,2009
Action RPG,2012
Dark,2014
Dystopian,2013
Political,2013
Steampunk,2012
Grand Strategy,2010
Medieval,2012
Real Time Tactics,2013
Hidden Object,2012
Crime,2015
Mature,2015
Survival Horror,2009
Bullet Time,2012
Cinematic,2012
Noir,2013
Nudity,2013
Co-op Campaign,2009
FMV,2008
Anime,2011
Match 3,2015
Touch-Friendly,2010
Military,2012
Western,2010
Family Friendly,2011
Ninja,2013
Arena Shooter,2011
Naval,2009
Agriculture,2016
Horses,2010
Flight,2012
TrackIR,2013
Tanks,2013
Cult Classic,2009
Puzzle-Platformer,2013
Post-apocalyptic,2013
Inventory Management,2013
Benchmark,2011
Space Sim,2015
Based On A Novel,2014
Choices Matter,2010
Magic,2014
Multiple Endings,2012
Batman,2012
Comic Book,2012
LEGO,2013
Local Co-Op,2009
Local Multiplayer,2015
Superhero,2013
Offroad,2014
Satire,2011
Surreal,2013
Capitalism,2015
Bowling,2011
Dark Humor,2012
Level Editor,2014
Mythology,2015
Colorful,2012
Short,2014
Time Attack,2009
Tower Defense,2011
Top-Down Shooter,2015
Villain Protagonist,2015
Fighting,2014
Split Screen,2015
Team-Based,2012
CRPG,2014
Party-Based RPG,2010
Pirates,2015
Memes,2012
Psychological,2013
Walking Simulator,2015
3D Platformer,2010
Abstract,2012
Psychedelic,2012
Score Attack,2000
Hex Grid,2010
Tactical RPG,2014
Turn-Based Combat,2015
America,2009
2D Fighter,2017
Star Wars,2005
1980s,2000
Golf,2016
Mini Golf,2016
"""1990",2000
Time Manipulation,2015
Time Travel,2013
On-Rails Shooter,2013
4 Player Local,2015
Relaxing,2013
Hand-drawn,2013
Cartoon,2012
Dungeon Crawler,2011
Loot,2012
Experimental,2012
Mouse only,2015
Dragons,2017
Romance,2009
Metroidvania,2013
Parody,2013
Quick-Time Events,2015
World War I,2015
Bullet Hell,2012
Music-Based Procedural Generation,2008
Rhythm,2014
"""Shoot",2016
"Em Up""",2016
Twin Stick Shooter,2014
6DOF,2012
Modern,2010
Class-Based,2012
PvE,2013
Heist,2011
Politics,2012
Resource Management,2015
Education,2010
Conspiracy,2012
Minimalist,2012
JRPG,2014
Visual Novel,2012
Hacking,2011
Strategy RPG,2014
Lemmings,2014
Illuminati,2015
Sexual Content,2015
Movie,2015
Blood,2016
MOBA,2015
Rogue-like,2014
Runner,2011
Narration,2013
Asynchronous Multiplayer,2012
Chess,2011
God Game,2011
Soundtrack,2013
Procedural Generation,2014
Perma Death,2012
Rogue-lite,2014
Kickstarter,2014
Investigation,2011
Thriller,2012
Cartoony,2014
Crowdfunded,2014
Transhumanism,2013
Dating Sim,2016
Interactive Fiction,2014
Werewolves,2014
Documentary,2014
RPGMaker,2012
Gun Customization,2012
Animation &amp; Modeling,2015
Video Production,2015
Software,2014
e-sports,2012
Martial Arts,2222
Mars,2009
GameMaker,2013
VR,2013
Utilities,2014
Web Publishing,2012
Game Development,2012
Choose Your Own Adventure,2012
Text-Based,2015
Football,2015
Soccer,2015
Intentionally Awkward Controls,2013
Gambling,2015
Software Training,2014
Design &amp; Illustration,2012
Sokoban,2013
Drama,2012
NSFW,2013
Dynamic Narration,2013
Typing,2013
Pinball,2013
Voxel,2015
Basketball,2015
Fishing,2016
Programming,2012
Audio Production,2014
Sailing,2005
Mining,2013
Dark Comedy,2016
Grid-Based Movement,2012
Otome,2015
Artificial Intelligence,2014
Voice Control,2009
Cycling,2014
Gaming,2015
Photo Editing,2014
Lore-Rich,2012
Word Game,2016
Pool,2013
Conversation,2010
Nonlinear,2011
Spelling,2015
Foreign,2016
Feature Film,2015
Hardware,2016
Steam Machine,2014
Philisophical,2010
Accounting,2015
Mystery Dungeon,2015
Wrestling,2016
Faith,2017
