genero,user_id,a√±o,horas_jugadas
action,Sp3ctre,2010,249
action,Sp3ctre,2004,122426
action,Sp3ctre,2006,89357
action,Sp3ctre,2003,7673
action,Sp3ctre,2005,21339
action,Sp3ctre,2004,4561
action,Sp3ctre,2006,73
action,Sp3ctre,2007,127
action,Sp3ctre,2007,109103
action,Sp3ctre,1999,44
action,Sp3ctre,1999,0
action,Sp3ctre,1998,0
action,Sp3ctre,2001,13
action,Sp3ctre,2004,287
action,Sp3ctre,2004,0
action,Sp3ctre,2004,11
action,Sp3ctre,2005,0
action,Sp3ctre,2006,0
action,Sp3ctre,2006,1
action,Sp3ctre,2007,0
action,Sp3ctre,2008,8309
action,Sp3ctre,2009,445
action,Sp3ctre,2009,4405
action,Sp3ctre,2009,63175
action,Sp3ctre,2009,0
action,Sp3ctre,2009,5585
action,Sp3ctre,2009,34108
action,Sp3ctre,2007,10
action,Sp3ctre,2008,0
action,Sp3ctre,2008,204
action,Sp3ctre,2009,0
action,Sp3ctre,2008,20
action,Sp3ctre,2007,3109
action,Sp3ctre,2016,0
action,Sp3ctre,2010,161
action,Sp3ctre,2010,8668
action,Sp3ctre,2010,1486
action,Sp3ctre,2010,0
action,Sp3ctre,2010,16160
action,Sp3ctre,2010,39827
action,Sp3ctre,2010,8357
action,Sp3ctre,2010,0
action,Sp3ctre,2010,120
action,Sp3ctre,2011,121
action,Sp3ctre,2007,140
action,Sp3ctre,2011,151
action,Sp3ctre,2011,17
action,Sp3ctre,2011,1007
action,Sp3ctre,2011,412
action,Sp3ctre,2011,215
action,Sp3ctre,2011,149
action,Sp3ctre,2011,73519
action,Sp3ctre,2016,1866
action,Sp3ctre,2011,202
action,Sp3ctre,2011,0
action,Sp3ctre,2011,98
action,Sp3ctre,2011,3321
action,Sp3ctre,2011,2572
action,Sp3ctre,2011,184
action,Sp3ctre,2011,71
action,Sp3ctre,2011,1172
action,Sp3ctre,2006,217
action,Sp3ctre,2006,0
action,Sp3ctre,2011,188
action,Sp3ctre,2012,158
action,Sp3ctre,2011,10501
action,Sp3ctre,2012,6739
action,Sp3ctre,2012,85
action,Sp3ctre,2012,307
action,Sp3ctre,2009,721
action,Sp3ctre,2001,0
action,Sp3ctre,2003,0
action,Sp3ctre,2011,0
action,Sp3ctre,2012,1738
action,Sp3ctre,2222,1657
action,Sp3ctre,2000,70644
action,Sp3ctre,2004,126
action,Sp3ctre,2012,260875
action,Sp3ctre,2012,434
action,Sp3ctre,2012,1226
action,Sp3ctre,2012,85
action,Sp3ctre,2012,5789
action,Sp3ctre,2012,2548
action,Sp3ctre,2012,121
action,Sp3ctre,2009,332
action,Sp3ctre,2012,405
action,Sp3ctre,2012,85
action,Sp3ctre,2012,1514
action,Sp3ctre,2012,388
action,Sp3ctre,2012,91
action,Sp3ctre,2012,5784
action,Sp3ctre,2012,31669
action,Sp3ctre,2012,3239
action,Sp3ctre,2008,0
action,Sp3ctre,2010,4402
action,Sp3ctre,2012,654
action,Sp3ctre,2013,205
action,Sp3ctre,2012,1
action,Sp3ctre,2013,155
action,Sp3ctre,2011,61139
action,Sp3ctre,2012,20
action,Sp3ctre,2012,53285
action,Sp3ctre,2015,1
action,Sp3ctre,2014,130
action,Sp3ctre,2013,0
action,Sp3ctre,2012,0
action,Sp3ctre,2010,1
action,Sp3ctre,2012,2617
action,Sp3ctre,2013,34407
action,Sp3ctre,2014,0
action,Sp3ctre,2013,0
action,Sp3ctre,2012,1193
action,Sp3ctre,2006,27
action,Sp3ctre,2014,45
action,Sp3ctre,2014,36
action,Sp3ctre,2012,10
action,Sp3ctre,2012,2607
action,Sp3ctre,2012,0
action,Sp3ctre,2014,0
action,Sp3ctre,2013,17463
action,Sp3ctre,2013,6453
action,Sp3ctre,2013,176
action,Sp3ctre,2013,3158
action,Sp3ctre,2013,169
action,Sp3ctre,2016,600
action,Sp3ctre,2013,769
action,Sp3ctre,2013,0
action,Sp3ctre,2013,754
action,Sp3ctre,2014,1574
action,Sp3ctre,2013,0
action,Sp3ctre,2013,196
action,Sp3ctre,2013,4
action,Sp3ctre,2015,1282
action,Sp3ctre,2012,184
action,Sp3ctre,2006,0
action,Sp3ctre,2010,3031
action,Sp3ctre,2013,61
action,Sp3ctre,2013,0
action,Sp3ctre,2013,0
action,Sp3ctre,2013,144
action,Sp3ctre,2013,333
action,Sp3ctre,2013,965
action,Sp3ctre,2013,1548
action,Sp3ctre,2013,204
action,Sp3ctre,2013,413
action,Sp3ctre,2013,52664
action,Sp3ctre,2015,56049
action,Sp3ctre,2013,0
action,Sp3ctre,2003,71
action,Sp3ctre,2013,752
action,Sp3ctre,2014,200
action,Sp3ctre,2013,154
action,Sp3ctre,2014,7146
action,Sp3ctre,2014,669
action,Sp3ctre,2016,25175
action,Sp3ctre,2010,0
action,Sp3ctre,2001,237
action,Sp3ctre,2014,62
action,Sp3ctre,2014,72
action,Sp3ctre,2014,588
action,Sp3ctre,2014,243
action,Sp3ctre,2014,36
action,Sp3ctre,2015,909
action,Sp3ctre,2014,38824
action,Sp3ctre,2014,0
action,Sp3ctre,2014,231
action,Sp3ctre,2010,293
action,Sp3ctre,2010,4
action,Sp3ctre,2000,0
action,Sp3ctre,2003,0
action,Sp3ctre,2004,0
action,Sp3ctre,2002,238
action,Sp3ctre,2005,0
action,Sp3ctre,1993,0
action,Sp3ctre,2014,569
action,Sp3ctre,2014,0
action,Sp3ctre,2014,0
action,Sp3ctre,2015,622
action,Sp3ctre,1996,0
action,Sp3ctre,2014,561
action,Sp3ctre,2014,0
action,Sp3ctre,2014,0
action,Sp3ctre,2014,0
action,Sp3ctre,2014,41110
action,Sp3ctre,2015,0
action,Sp3ctre,2014,302
action,Sp3ctre,2014,0
action,Sp3ctre,2014,178
action,Sp3ctre,2014,609
action,Sp3ctre,2014,540
action,Sp3ctre,2014,239
action,Sp3ctre,2014,1718
action,Sp3ctre,2014,850
action,Sp3ctre,2014,0
action,Sp3ctre,2017,145
action,Sp3ctre,2011,0
action,Sp3ctre,2014,179
action,Sp3ctre,2015,348
action,Sp3ctre,2017,21208
action,Sp3ctre,2013,158
action,Sp3ctre,1995,217
action,Sp3ctre,2012,297
action,Sp3ctre,2006,578
action,Sp3ctre,2014,0
action,Sp3ctre,2016,0
action,Sp3ctre,2014,23
action,Sp3ctre,2014,4
action,Sp3ctre,2014,16331
action,Sp3ctre,2015,0
action,Sp3ctre,2016,63
action,Sp3ctre,2014,177
action,Sp3ctre,2005,0
action,Sp3ctre,2015,106
action,Sp3ctre,2007,241
action,Sp3ctre,2013,853
action,Sp3ctre,2006,0
action,Sp3ctre,2007,64
action,Sp3ctre,2008,0
action,Sp3ctre,2010,0
action,Sp3ctre,2012,0
action,Sp3ctre,2012,0
action,Sp3ctre,2012,0
action,Sp3ctre,2012,18
action,Sp3ctre,2012,0
action,Sp3ctre,2012,72
action,Sp3ctre,2002,0
action,Sp3ctre,2006,0
action,Sp3ctre,2000,0
action,Sp3ctre,2004,0
action,Sp3ctre,2016,0
action,Sp3ctre,2014,0
action,Sp3ctre,2014,204
action,Sp3ctre,2014,0
action,Sp3ctre,2014,370
action,Sp3ctre,2014,47
action,Sp3ctre,2015,287
action,Sp3ctre,2015,198
action,Sp3ctre,2014,158
action,Sp3ctre,2010,7
action,Sp3ctre,2015,1062
action,Sp3ctre,2012,0
action,Sp3ctre,2014,619
action,Sp3ctre,2014,16982
action,Sp3ctre,2014,593
action,Sp3ctre,2013,0
action,Sp3ctre,2005,0
action,Sp3ctre,2015,99934
action,Sp3ctre,2017,20709
action,Sp3ctre,2017,66
action,Sp3ctre,2011,311
action,Sp3ctre,2017,0
action,Sp3ctre,2015,1
action,Sp3ctre,2015,0
action,Sp3ctre,2015,322
action,Sp3ctre,2015,6
action,Sp3ctre,2015,0
action,Sp3ctre,2015,363
action,Sp3ctre,2015,0
action,Sp3ctre,2015,158
action,Sp3ctre,2015,80596
action,Sp3ctre,2015,720
action,Sp3ctre,2015,76249
action,Sp3ctre,2015,158
action,Sp3ctre,2015,337
action,Sp3ctre,2015,0
action,Sp3ctre,2015,0
action,Sp3ctre,2015,0
action,Sp3ctre,2015,657
action,Sp3ctre,2015,0
action,Sp3ctre,2014,39
action,Sp3ctre,2015,266
action,Sp3ctre,2015,24
action,Sp3ctre,2015,0
action,Sp3ctre,2016,568
action,Sp3ctre,2015,0
action,Sp3ctre,2015,0
action,Sp3ctre,2015,11
action,Sp3ctre,2015,709
action,Sp3ctre,2015,118
action,Sp3ctre,2017,245
action,Sp3ctre,2015,38
action,Sp3ctre,2015,158
action,Sp3ctre,2015,2
action,Sp3ctre,2015,576
action,Sp3ctre,2016,39
action,Sp3ctre,2016,0
action,Sp3ctre,2015,2113
action,Sp3ctre,2015,0
action,Sp3ctre,2015,261
action,Sp3ctre,2017,954
action,Sp3ctre,2010,0
action,Sp3ctre,2014,0
action,Sp3ctre,1997,242
action,Sp3ctre,2015,27
action,Sp3ctre,2015,23
action,Sp3ctre,2015,0
action,Sp3ctre,2015,10
action,Sp3ctre,2016,0
action,Sp3ctre,2015,393
action,Sp3ctre,2015,393
action,Sp3ctre,2017,0
action,Sp3ctre,2015,447
action,Sp3ctre,2016,329
action,Sp3ctre,2015,63380
action,Sp3ctre,2016,10
action,Sp3ctre,2016,0
action,Sp3ctre,2014,606
action,Sp3ctre,2016,597
action,Sp3ctre,2016,3
action,Sp3ctre,2010,0
action,Sp3ctre,2012,0
action,Sp3ctre,2012,0
action,Sp3ctre,2006,0
action,Sp3ctre,2012,0
action,Sp3ctre,2011,0
action,Sp3ctre,2012,0
action,Sp3ctre,2016,0
action,Sp3ctre,2016,0
action,Sp3ctre,2016,361
action,Sp3ctre,2016,278
action,Sp3ctre,2016,0
action,Sp3ctre,2016,287
action,Sp3ctre,2011,98
action,Sp3ctre,2016,0
action,Sp3ctre,2016,0
action,Sp3ctre,2016,0
action,Sp3ctre,2016,0
action,Sp3ctre,2011,11
action,Sp3ctre,2016,19
action,Sp3ctre,2015,0
action,Sp3ctre,2016,0
action,Sp3ctre,2016,0
action,Sp3ctre,2017,0
casual,REBAS_AS_F-T,2007,0
casual,REBAS_AS_F-T,2006,36
casual,REBAS_AS_F-T,1999,0
casual,REBAS_AS_F-T,2008,1
casual,REBAS_AS_F-T,2008,125
casual,REBAS_AS_F-T,2009,724
casual,REBAS_AS_F-T,2009,4
casual,REBAS_AS_F-T,2009,0
casual,REBAS_AS_F-T,2009,1963
casual,REBAS_AS_F-T,2010,54
casual,REBAS_AS_F-T,2010,1694
casual,REBAS_AS_F-T,2010,1118
casual,REBAS_AS_F-T,2010,2621
casual,REBAS_AS_F-T,2010,1294
casual,REBAS_AS_F-T,2010,990
casual,REBAS_AS_F-T,2011,90
casual,REBAS_AS_F-T,2011,17
casual,REBAS_AS_F-T,2011,881
casual,REBAS_AS_F-T,2011,2543
casual,REBAS_AS_F-T,2011,457
casual,REBAS_AS_F-T,2011,1956
casual,REBAS_AS_F-T,2011,1659
casual,REBAS_AS_F-T,2016,2601
casual,REBAS_AS_F-T,2011,15
casual,REBAS_AS_F-T,2009,2938
casual,REBAS_AS_F-T,2011,7174
casual,REBAS_AS_F-T,2012,1097
casual,REBAS_AS_F-T,2012,239
casual,REBAS_AS_F-T,2012,820
casual,REBAS_AS_F-T,2012,0
casual,REBAS_AS_F-T,2011,1096
casual,REBAS_AS_F-T,2012,0
casual,REBAS_AS_F-T,2013,657
casual,REBAS_AS_F-T,2012,7161
casual,REBAS_AS_F-T,2012,1800
casual,REBAS_AS_F-T,2012,9268
casual,REBAS_AS_F-T,2012,683
casual,REBAS_AS_F-T,2012,3
casual,REBAS_AS_F-T,2013,3262
casual,REBAS_AS_F-T,2013,1025
casual,REBAS_AS_F-T,2009,31
casual,REBAS_AS_F-T,2008,0
casual,REBAS_AS_F-T,2013,0
casual,REBAS_AS_F-T,2011,31
casual,REBAS_AS_F-T,2011,7
casual,REBAS_AS_F-T,2011,0
casual,REBAS_AS_F-T,2012,0
casual,REBAS_AS_F-T,2014,0
casual,REBAS_AS_F-T,2013,0
casual,REBAS_AS_F-T,2012,0
casual,REBAS_AS_F-T,2013,0
casual,REBAS_AS_F-T,2013,1
casual,REBAS_AS_F-T,2007,0
casual,REBAS_AS_F-T,2016,0
casual,REBAS_AS_F-T,2013,0
casual,REBAS_AS_F-T,2013,0
casual,REBAS_AS_F-T,2014,16
casual,REBAS_AS_F-T,2014,0
casual,REBAS_AS_F-T,2014,0
casual,REBAS_AS_F-T,2014,0
casual,REBAS_AS_F-T,2007,1070
casual,REBAS_AS_F-T,2013,3071
casual,REBAS_AS_F-T,2013,8256
casual,REBAS_AS_F-T,2013,1285
casual,REBAS_AS_F-T,2013,1999
casual,REBAS_AS_F-T,2013,3116
casual,REBAS_AS_F-T,2013,823
casual,REBAS_AS_F-T,2013,4688
casual,REBAS_AS_F-T,2013,2016
casual,REBAS_AS_F-T,2013,365
casual,REBAS_AS_F-T,2014,5214
casual,REBAS_AS_F-T,2013,6370
casual,REBAS_AS_F-T,2011,3235
casual,REBAS_AS_F-T,2013,8062
casual,REBAS_AS_F-T,2013,115
casual,REBAS_AS_F-T,2014,0
casual,REBAS_AS_F-T,2013,2413
casual,REBAS_AS_F-T,2014,0
casual,REBAS_AS_F-T,2002,0
casual,REBAS_AS_F-T,2012,2305
casual,REBAS_AS_F-T,2014,449
casual,REBAS_AS_F-T,2015,0
casual,REBAS_AS_F-T,2013,1912
casual,REBAS_AS_F-T,2013,2195
casual,REBAS_AS_F-T,2014,974
casual,REBAS_AS_F-T,2014,373
casual,REBAS_AS_F-T,2013,367
casual,REBAS_AS_F-T,2013,53
casual,REBAS_AS_F-T,2014,0
casual,REBAS_AS_F-T,2014,890
casual,REBAS_AS_F-T,2014,1044
casual,REBAS_AS_F-T,2014,0
casual,REBAS_AS_F-T,2014,1843
casual,REBAS_AS_F-T,2014,2734
casual,REBAS_AS_F-T,2014,2345
casual,REBAS_AS_F-T,2014,1577
casual,REBAS_AS_F-T,2014,1264
casual,REBAS_AS_F-T,2014,0
casual,REBAS_AS_F-T,2014,0
casual,REBAS_AS_F-T,2014,3438
casual,REBAS_AS_F-T,2014,6253
casual,REBAS_AS_F-T,2012,1
casual,REBAS_AS_F-T,2015,1271
casual,REBAS_AS_F-T,2014,0
casual,REBAS_AS_F-T,2014,1
casual,REBAS_AS_F-T,2014,7417
casual,REBAS_AS_F-T,1999,0
casual,REBAS_AS_F-T,2014,1281
casual,REBAS_AS_F-T,2014,700
casual,REBAS_AS_F-T,2014,720
casual,REBAS_AS_F-T,2014,4466
casual,REBAS_AS_F-T,2015,272
casual,REBAS_AS_F-T,2014,975
casual,REBAS_AS_F-T,2014,122
casual,REBAS_AS_F-T,2014,5297
casual,REBAS_AS_F-T,2013,6091
casual,REBAS_AS_F-T,2014,3061
casual,REBAS_AS_F-T,2015,285
casual,REBAS_AS_F-T,2016,0
casual,REBAS_AS_F-T,2012,858
casual,REBAS_AS_F-T,2012,2631
casual,REBAS_AS_F-T,2013,966
casual,REBAS_AS_F-T,2013,2484
casual,REBAS_AS_F-T,2014,2311
casual,REBAS_AS_F-T,2013,988
casual,REBAS_AS_F-T,2014,2076
casual,REBAS_AS_F-T,2013,4138
casual,REBAS_AS_F-T,2013,1461
casual,REBAS_AS_F-T,2014,1765
casual,REBAS_AS_F-T,2014,2854
casual,REBAS_AS_F-T,2013,9151
casual,REBAS_AS_F-T,2015,4954
casual,REBAS_AS_F-T,2014,0
casual,REBAS_AS_F-T,2010,6820
casual,REBAS_AS_F-T,2016,1763
casual,REBAS_AS_F-T,2014,3485
casual,REBAS_AS_F-T,2014,0
casual,REBAS_AS_F-T,2011,6262
casual,REBAS_AS_F-T,2015,1413
casual,REBAS_AS_F-T,2011,8922
casual,REBAS_AS_F-T,2014,56
casual,REBAS_AS_F-T,2014,0
casual,REBAS_AS_F-T,2015,0
casual,REBAS_AS_F-T,2014,0
casual,REBAS_AS_F-T,2014,701
casual,REBAS_AS_F-T,2014,701
casual,REBAS_AS_F-T,2014,701
casual,REBAS_AS_F-T,2014,1042
casual,REBAS_AS_F-T,2014,3745
casual,REBAS_AS_F-T,2016,0
casual,REBAS_AS_F-T,2014,618
casual,REBAS_AS_F-T,2014,6681
casual,REBAS_AS_F-T,2014,699
casual,REBAS_AS_F-T,2014,2410
casual,REBAS_AS_F-T,2015,0
casual,REBAS_AS_F-T,2017,58
casual,REBAS_AS_F-T,2014,0
casual,REBAS_AS_F-T,2016,0
casual,REBAS_AS_F-T,2014,0
casual,REBAS_AS_F-T,2014,0
casual,REBAS_AS_F-T,2014,0
casual,REBAS_AS_F-T,2014,2815
casual,REBAS_AS_F-T,2015,2585
casual,REBAS_AS_F-T,2011,14571
casual,REBAS_AS_F-T,2015,620
casual,REBAS_AS_F-T,2014,10
casual,REBAS_AS_F-T,2013,24771
casual,REBAS_AS_F-T,2014,869
casual,REBAS_AS_F-T,2008,1241
casual,REBAS_AS_F-T,2009,2146
casual,REBAS_AS_F-T,2012,2649
casual,REBAS_AS_F-T,2004,6985
casual,REBAS_AS_F-T,2014,0
casual,REBAS_AS_F-T,2014,2210
casual,REBAS_AS_F-T,2014,0
casual,REBAS_AS_F-T,2014,787
casual,REBAS_AS_F-T,2015,0
casual,REBAS_AS_F-T,2014,1529
casual,REBAS_AS_F-T,2014,0
casual,REBAS_AS_F-T,2014,0
casual,REBAS_AS_F-T,2013,264
casual,REBAS_AS_F-T,2014,30897
casual,REBAS_AS_F-T,2015,31237
casual,REBAS_AS_F-T,2012,9432
casual,REBAS_AS_F-T,2014,881
casual,REBAS_AS_F-T,2015,4358
casual,REBAS_AS_F-T,2013,41884
casual,REBAS_AS_F-T,2010,0
casual,REBAS_AS_F-T,2009,1542
casual,REBAS_AS_F-T,2015,0
casual,REBAS_AS_F-T,2014,0
casual,REBAS_AS_F-T,2015,1262
casual,REBAS_AS_F-T,2014,0
casual,REBAS_AS_F-T,2014,1965
casual,REBAS_AS_F-T,2014,624
casual,REBAS_AS_F-T,2015,2783
casual,REBAS_AS_F-T,2015,4763
casual,REBAS_AS_F-T,2014,2178
casual,REBAS_AS_F-T,2015,1119
casual,REBAS_AS_F-T,2014,2855
casual,REBAS_AS_F-T,2015,256
casual,REBAS_AS_F-T,2015,13722
casual,REBAS_AS_F-T,2015,0
casual,REBAS_AS_F-T,2012,0
casual,REBAS_AS_F-T,2011,6942
casual,REBAS_AS_F-T,2011,7244
casual,REBAS_AS_F-T,2015,0
casual,REBAS_AS_F-T,2014,104
casual,REBAS_AS_F-T,2011,6464
casual,REBAS_AS_F-T,2015,2361
casual,REBAS_AS_F-T,2015,1144
casual,REBAS_AS_F-T,2015,1453
casual,REBAS_AS_F-T,2015,0
casual,REBAS_AS_F-T,2015,0
casual,REBAS_AS_F-T,2015,6449
casual,REBAS_AS_F-T,2015,0
casual,REBAS_AS_F-T,2015,985
casual,REBAS_AS_F-T,2015,0
casual,REBAS_AS_F-T,2012,716
casual,REBAS_AS_F-T,2015,6151
casual,REBAS_AS_F-T,2015,3213
casual,REBAS_AS_F-T,2015,1304
casual,REBAS_AS_F-T,2015,0
casual,REBAS_AS_F-T,2015,0
casual,REBAS_AS_F-T,2015,10604
casual,REBAS_AS_F-T,2015,11462
casual,REBAS_AS_F-T,2016,9487
casual,REBAS_AS_F-T,2014,0
casual,REBAS_AS_F-T,2014,981
casual,REBAS_AS_F-T,2012,0
casual,REBAS_AS_F-T,2015,3658
casual,REBAS_AS_F-T,2015,1813
casual,REBAS_AS_F-T,2015,30979
casual,REBAS_AS_F-T,2014,4652
casual,REBAS_AS_F-T,2015,6470
casual,REBAS_AS_F-T,2014,242
casual,REBAS_AS_F-T,2007,0
casual,REBAS_AS_F-T,2011,6606
casual,REBAS_AS_F-T,2015,33
casual,REBAS_AS_F-T,2016,0
casual,REBAS_AS_F-T,2015,1336
casual,REBAS_AS_F-T,2015,0
casual,REBAS_AS_F-T,2015,6431
casual,REBAS_AS_F-T,2015,0
casual,REBAS_AS_F-T,2013,7604
casual,REBAS_AS_F-T,2015,31303
casual,REBAS_AS_F-T,2015,1650
casual,REBAS_AS_F-T,2015,0
casual,REBAS_AS_F-T,2016,1450
casual,REBAS_AS_F-T,2015,360
casual,REBAS_AS_F-T,2012,3316
casual,REBAS_AS_F-T,2015,0
casual,REBAS_AS_F-T,2015,226
casual,REBAS_AS_F-T,2015,6130
casual,REBAS_AS_F-T,2015,11
casual,REBAS_AS_F-T,2012,3995
casual,REBAS_AS_F-T,2013,3608
casual,REBAS_AS_F-T,2014,4055
casual,REBAS_AS_F-T,2015,1
casual,REBAS_AS_F-T,2016,11319
casual,REBAS_AS_F-T,2015,641
casual,REBAS_AS_F-T,2015,2322
casual,REBAS_AS_F-T,2015,1098
casual,REBAS_AS_F-T,2015,1812
casual,REBAS_AS_F-T,2015,2142
casual,REBAS_AS_F-T,2015,0
casual,REBAS_AS_F-T,2015,1563
casual,REBAS_AS_F-T,2016,721
casual,REBAS_AS_F-T,2015,467
casual,REBAS_AS_F-T,2015,25567
casual,REBAS_AS_F-T,2015,0
casual,REBAS_AS_F-T,2015,31136
casual,REBAS_AS_F-T,2015,1357
casual,REBAS_AS_F-T,2014,7125
casual,REBAS_AS_F-T,2015,31211
casual,REBAS_AS_F-T,2015,367
casual,REBAS_AS_F-T,2015,1371
casual,REBAS_AS_F-T,2015,1432
casual,REBAS_AS_F-T,2015,2359
casual,REBAS_AS_F-T,2016,0
casual,REBAS_AS_F-T,2015,6255
casual,REBAS_AS_F-T,2015,0
casual,REBAS_AS_F-T,2015,4911
casual,REBAS_AS_F-T,2016,6924
casual,REBAS_AS_F-T,2015,0
casual,REBAS_AS_F-T,2015,9
casual,REBAS_AS_F-T,2015,233
casual,REBAS_AS_F-T,2015,6447
casual,REBAS_AS_F-T,2015,8299
casual,REBAS_AS_F-T,2016,7613
casual,REBAS_AS_F-T,2015,910
casual,REBAS_AS_F-T,2014,701
casual,REBAS_AS_F-T,2015,0
casual,REBAS_AS_F-T,2015,4341
casual,REBAS_AS_F-T,2015,11
casual,REBAS_AS_F-T,2015,111
casual,REBAS_AS_F-T,2015,1368
casual,REBAS_AS_F-T,2016,2252
casual,REBAS_AS_F-T,2015,3737
casual,REBAS_AS_F-T,2015,2390
casual,REBAS_AS_F-T,2015,2231
casual,REBAS_AS_F-T,2015,0
casual,REBAS_AS_F-T,2015,1273
casual,REBAS_AS_F-T,2015,0
casual,REBAS_AS_F-T,2015,0
casual,REBAS_AS_F-T,2015,3979
casual,REBAS_AS_F-T,2015,809
casual,REBAS_AS_F-T,2015,0
casual,REBAS_AS_F-T,2015,0
casual,REBAS_AS_F-T,2015,0
casual,REBAS_AS_F-T,2015,30
casual,REBAS_AS_F-T,2015,31107
casual,REBAS_AS_F-T,2015,1572
casual,REBAS_AS_F-T,2016,0
casual,REBAS_AS_F-T,2015,2381
casual,REBAS_AS_F-T,2015,1894
casual,REBAS_AS_F-T,2015,0
casual,REBAS_AS_F-T,2016,6446
casual,REBAS_AS_F-T,2014,0
casual,REBAS_AS_F-T,2016,0
casual,REBAS_AS_F-T,2016,1410
casual,REBAS_AS_F-T,2016,4650
casual,REBAS_AS_F-T,2015,1277
casual,REBAS_AS_F-T,2015,1
casual,REBAS_AS_F-T,2016,0
casual,REBAS_AS_F-T,2016,0
casual,REBAS_AS_F-T,2015,1293
casual,REBAS_AS_F-T,2017,0
casual,REBAS_AS_F-T,2015,2629
casual,REBAS_AS_F-T,2016,0
casual,REBAS_AS_F-T,2015,3968
casual,REBAS_AS_F-T,2015,1
casual,REBAS_AS_F-T,2015,1110
casual,REBAS_AS_F-T,2015,6451
casual,REBAS_AS_F-T,2016,10153
casual,REBAS_AS_F-T,2015,1
casual,REBAS_AS_F-T,2015,6686
casual,REBAS_AS_F-T,2015,1487
casual,REBAS_AS_F-T,2015,44
casual,REBAS_AS_F-T,2015,0
casual,REBAS_AS_F-T,2015,1462
casual,REBAS_AS_F-T,2014,0
casual,REBAS_AS_F-T,2010,463
casual,REBAS_AS_F-T,2015,0
casual,REBAS_AS_F-T,2011,6167
casual,REBAS_AS_F-T,2016,30869
casual,REBAS_AS_F-T,2015,227
casual,REBAS_AS_F-T,2015,0
casual,REBAS_AS_F-T,2015,0
casual,REBAS_AS_F-T,2015,4859
casual,REBAS_AS_F-T,2015,573
casual,REBAS_AS_F-T,2015,1452
casual,REBAS_AS_F-T,2016,9385
casual,REBAS_AS_F-T,2016,6073
casual,REBAS_AS_F-T,2015,532
casual,REBAS_AS_F-T,2015,6460
casual,REBAS_AS_F-T,2015,5
casual,REBAS_AS_F-T,2015,0
casual,REBAS_AS_F-T,2017,0
casual,REBAS_AS_F-T,2015,87
casual,REBAS_AS_F-T,2015,0
casual,REBAS_AS_F-T,2015,0
casual,REBAS_AS_F-T,2016,37
casual,REBAS_AS_F-T,2016,1
casual,REBAS_AS_F-T,2016,0
casual,REBAS_AS_F-T,2015,395
casual,REBAS_AS_F-T,2015,0
casual,REBAS_AS_F-T,2015,0
casual,REBAS_AS_F-T,2016,5556
casual,REBAS_AS_F-T,2016,7076
casual,REBAS_AS_F-T,2015,2117
casual,REBAS_AS_F-T,2015,495
casual,REBAS_AS_F-T,2015,1140
casual,REBAS_AS_F-T,2015,0
casual,REBAS_AS_F-T,2015,3142
casual,REBAS_AS_F-T,2016,0
casual,REBAS_AS_F-T,2016,5383
casual,REBAS_AS_F-T,2016,2734
casual,REBAS_AS_F-T,2016,2338
casual,REBAS_AS_F-T,2016,5168
casual,REBAS_AS_F-T,2016,2413
casual,REBAS_AS_F-T,2016,1391
casual,REBAS_AS_F-T,2016,1032
casual,REBAS_AS_F-T,2016,7331
casual,REBAS_AS_F-T,2016,8717
casual,REBAS_AS_F-T,2016,324
casual,REBAS_AS_F-T,2015,1970
casual,REBAS_AS_F-T,2016,0
casual,REBAS_AS_F-T,2016,0
casual,REBAS_AS_F-T,2015,53
casual,REBAS_AS_F-T,2014,0
casual,REBAS_AS_F-T,2016,1515
casual,REBAS_AS_F-T,2016,1
casual,REBAS_AS_F-T,2016,30786
casual,REBAS_AS_F-T,2016,1
casual,REBAS_AS_F-T,2016,3797
casual,REBAS_AS_F-T,2016,24647
casual,REBAS_AS_F-T,2016,0
casual,REBAS_AS_F-T,2016,0
casual,REBAS_AS_F-T,2016,2374
casual,REBAS_AS_F-T,2016,0
casual,REBAS_AS_F-T,2013,35
casual,REBAS_AS_F-T,2016,7201
casual,REBAS_AS_F-T,2016,0
casual,REBAS_AS_F-T,2016,0
casual,REBAS_AS_F-T,2016,36617
casual,REBAS_AS_F-T,2016,6350
casual,REBAS_AS_F-T,2016,3705
casual,REBAS_AS_F-T,2016,1814
casual,REBAS_AS_F-T,2016,27780
casual,REBAS_AS_F-T,2016,5443
casual,REBAS_AS_F-T,2017,0
casual,REBAS_AS_F-T,2016,0
casual,REBAS_AS_F-T,2016,0
casual,REBAS_AS_F-T,2011,6623
casual,REBAS_AS_F-T,2016,0
casual,REBAS_AS_F-T,2016,19684
casual,REBAS_AS_F-T,2016,1537
casual,REBAS_AS_F-T,2016,0
casual,REBAS_AS_F-T,2016,33
casual,REBAS_AS_F-T,2016,0
casual,REBAS_AS_F-T,2016,0
casual,REBAS_AS_F-T,2016,0
casual,REBAS_AS_F-T,2016,9392
casual,REBAS_AS_F-T,2016,1248
casual,REBAS_AS_F-T,2016,3321
casual,REBAS_AS_F-T,2016,1728
casual,REBAS_AS_F-T,2016,6511
casual,REBAS_AS_F-T,2016,2416
casual,REBAS_AS_F-T,2016,4269
casual,REBAS_AS_F-T,2016,2632
casual,REBAS_AS_F-T,2016,4006
casual,REBAS_AS_F-T,2016,6064
casual,REBAS_AS_F-T,2016,1520
casual,REBAS_AS_F-T,2016,12356
casual,REBAS_AS_F-T,2016,7164
casual,REBAS_AS_F-T,2016,812
casual,REBAS_AS_F-T,2016,536
casual,REBAS_AS_F-T,2016,0
casual,REBAS_AS_F-T,2016,30
casual,REBAS_AS_F-T,2015,0
casual,REBAS_AS_F-T,2016,0
casual,REBAS_AS_F-T,2016,27027
casual,REBAS_AS_F-T,2016,0
casual,REBAS_AS_F-T,2016,1498
casual,REBAS_AS_F-T,2016,8834
casual,REBAS_AS_F-T,2016,1099
casual,REBAS_AS_F-T,2016,1
casual,REBAS_AS_F-T,2016,0
casual,REBAS_AS_F-T,2016,10557
casual,REBAS_AS_F-T,2016,747
casual,REBAS_AS_F-T,2016,0
casual,REBAS_AS_F-T,2016,0
casual,REBAS_AS_F-T,2016,6226
casual,REBAS_AS_F-T,2016,434
casual,REBAS_AS_F-T,2016,0
casual,REBAS_AS_F-T,2016,569
casual,REBAS_AS_F-T,2016,8371
casual,REBAS_AS_F-T,2016,1661
casual,REBAS_AS_F-T,2016,6346
casual,REBAS_AS_F-T,2016,0
casual,REBAS_AS_F-T,2016,0
casual,REBAS_AS_F-T,2016,0
casual,REBAS_AS_F-T,2016,0
casual,REBAS_AS_F-T,2016,7337
casual,REBAS_AS_F-T,2016,2039
casual,REBAS_AS_F-T,2016,0
casual,REBAS_AS_F-T,2015,13500
casual,REBAS_AS_F-T,2016,19981
casual,REBAS_AS_F-T,2016,6720
casual,REBAS_AS_F-T,2016,2273
casual,REBAS_AS_F-T,2016,1605
casual,REBAS_AS_F-T,2016,2600
casual,REBAS_AS_F-T,2016,4
casual,REBAS_AS_F-T,2016,2041
casual,REBAS_AS_F-T,2016,13289
casual,REBAS_AS_F-T,2016,0
casual,REBAS_AS_F-T,2016,6587
casual,REBAS_AS_F-T,2016,938
casual,REBAS_AS_F-T,2016,24009
casual,REBAS_AS_F-T,2015,0
casual,REBAS_AS_F-T,2016,6232
casual,REBAS_AS_F-T,2016,0
casual,REBAS_AS_F-T,2016,0
casual,REBAS_AS_F-T,2016,2114
casual,REBAS_AS_F-T,2016,0
casual,REBAS_AS_F-T,2015,7136
casual,REBAS_AS_F-T,2017,0
casual,REBAS_AS_F-T,2016,6430
casual,REBAS_AS_F-T,2016,0
casual,REBAS_AS_F-T,2016,0
casual,REBAS_AS_F-T,2016,0
indie,REBAS_AS_F-T,2005,2176
indie,REBAS_AS_F-T,2006,1673
indie,REBAS_AS_F-T,2007,0
indie,REBAS_AS_F-T,2008,125
indie,REBAS_AS_F-T,2009,724
indie,REBAS_AS_F-T,2009,4
indie,REBAS_AS_F-T,2009,0
indie,REBAS_AS_F-T,2009,1963
indie,REBAS_AS_F-T,2009,3034
indie,REBAS_AS_F-T,2009,467
indie,REBAS_AS_F-T,2010,54
indie,REBAS_AS_F-T,2010,1694
indie,REBAS_AS_F-T,2010,1118
indie,REBAS_AS_F-T,2009,20
indie,REBAS_AS_F-T,2010,0
indie,REBAS_AS_F-T,2010,200
indie,REBAS_AS_F-T,2010,2621
indie,REBAS_AS_F-T,2010,5
indie,REBAS_AS_F-T,2010,1294
indie,REBAS_AS_F-T,2010,990
indie,REBAS_AS_F-T,2011,3519
indie,REBAS_AS_F-T,2011,1016
indie,REBAS_AS_F-T,2011,53
indie,REBAS_AS_F-T,2011,17
indie,REBAS_AS_F-T,2011,4939
indie,REBAS_AS_F-T,2011,994
indie,REBAS_AS_F-T,2011,2543
indie,REBAS_AS_F-T,2011,457
indie,REBAS_AS_F-T,2011,1956
indie,REBAS_AS_F-T,2011,1659
indie,REBAS_AS_F-T,2011,343
indie,REBAS_AS_F-T,2011,3314
indie,REBAS_AS_F-T,2011,3868
indie,REBAS_AS_F-T,2016,2601
indie,REBAS_AS_F-T,2011,15
indie,REBAS_AS_F-T,2011,1781
indie,REBAS_AS_F-T,2012,9049
indie,REBAS_AS_F-T,2011,281
indie,REBAS_AS_F-T,2011,88
indie,REBAS_AS_F-T,2011,3091
indie,REBAS_AS_F-T,2011,80
indie,REBAS_AS_F-T,2011,3073
indie,REBAS_AS_F-T,2011,7174
indie,REBAS_AS_F-T,2011,1610
indie,REBAS_AS_F-T,2011,22
indie,REBAS_AS_F-T,2005,0
indie,REBAS_AS_F-T,2012,1097
indie,REBAS_AS_F-T,2012,713
indie,REBAS_AS_F-T,2012,3148
indie,REBAS_AS_F-T,2012,239
indie,REBAS_AS_F-T,2012,2090
indie,REBAS_AS_F-T,2012,30863
indie,REBAS_AS_F-T,2013,1956
indie,REBAS_AS_F-T,2012,820
indie,REBAS_AS_F-T,2012,11283
indie,REBAS_AS_F-T,2012,9578
indie,REBAS_AS_F-T,2011,1096
indie,REBAS_AS_F-T,2012,2681
indie,REBAS_AS_F-T,2010,0
indie,REBAS_AS_F-T,2011,4467
indie,REBAS_AS_F-T,2012,0
indie,REBAS_AS_F-T,2012,183
indie,REBAS_AS_F-T,2012,80
indie,REBAS_AS_F-T,2012,123
indie,REBAS_AS_F-T,2012,1080
indie,REBAS_AS_F-T,2012,2688
indie,REBAS_AS_F-T,2013,333
indie,REBAS_AS_F-T,2012,3126
indie,REBAS_AS_F-T,2012,1
indie,REBAS_AS_F-T,2012,1458
indie,REBAS_AS_F-T,2012,7161
indie,REBAS_AS_F-T,2003,1863
indie,REBAS_AS_F-T,2012,2394
indie,REBAS_AS_F-T,2012,683
indie,REBAS_AS_F-T,2012,1692
indie,REBAS_AS_F-T,2013,3262
indie,REBAS_AS_F-T,2013,2283
indie,REBAS_AS_F-T,2013,1025
indie,REBAS_AS_F-T,2008,0
indie,REBAS_AS_F-T,2013,0
indie,REBAS_AS_F-T,2011,31
indie,REBAS_AS_F-T,2012,0
indie,REBAS_AS_F-T,2012,0
indie,REBAS_AS_F-T,2014,8788
indie,REBAS_AS_F-T,2014,0
indie,REBAS_AS_F-T,2010,0
indie,REBAS_AS_F-T,2012,0
indie,REBAS_AS_F-T,2013,0
indie,REBAS_AS_F-T,2013,0
indie,REBAS_AS_F-T,2013,0
indie,REBAS_AS_F-T,2014,0
indie,REBAS_AS_F-T,2014,0
indie,REBAS_AS_F-T,2011,0
indie,REBAS_AS_F-T,2015,0
indie,REBAS_AS_F-T,2013,0
indie,REBAS_AS_F-T,2013,0
indie,REBAS_AS_F-T,2014,223
indie,REBAS_AS_F-T,2006,0
indie,REBAS_AS_F-T,2015,5930
indie,REBAS_AS_F-T,2013,0
indie,REBAS_AS_F-T,2014,16
indie,REBAS_AS_F-T,2014,0
indie,REBAS_AS_F-T,2014,0
indie,REBAS_AS_F-T,2012,0
indie,REBAS_AS_F-T,2012,4000
indie,REBAS_AS_F-T,2011,0
indie,REBAS_AS_F-T,2014,0
indie,REBAS_AS_F-T,2014,0
indie,REBAS_AS_F-T,2007,1070
indie,REBAS_AS_F-T,2013,3071
indie,REBAS_AS_F-T,2013,6598
indie,REBAS_AS_F-T,2013,1285
indie,REBAS_AS_F-T,2014,2083
indie,REBAS_AS_F-T,2013,3195
indie,REBAS_AS_F-T,2013,1999
indie,REBAS_AS_F-T,2013,823
indie,REBAS_AS_F-T,2013,900
indie,REBAS_AS_F-T,2013,2479
indie,REBAS_AS_F-T,2013,4688
indie,REBAS_AS_F-T,2013,2319
indie,REBAS_AS_F-T,2013,2016
indie,REBAS_AS_F-T,2012,1279
indie,REBAS_AS_F-T,2013,0
indie,REBAS_AS_F-T,2014,2702
indie,REBAS_AS_F-T,2013,1062
indie,REBAS_AS_F-T,2013,6926
indie,REBAS_AS_F-T,2013,365
indie,REBAS_AS_F-T,2013,0
indie,REBAS_AS_F-T,2014,5214
indie,REBAS_AS_F-T,2013,6370
indie,REBAS_AS_F-T,2014,0
indie,REBAS_AS_F-T,2013,5747
indie,REBAS_AS_F-T,2013,1148
indie,REBAS_AS_F-T,2013,0
indie,REBAS_AS_F-T,2013,30944
indie,REBAS_AS_F-T,2017,327
indie,REBAS_AS_F-T,2014,1779
indie,REBAS_AS_F-T,2013,4318
indie,REBAS_AS_F-T,2014,1563
indie,REBAS_AS_F-T,2012,1184
indie,REBAS_AS_F-T,2016,8624
indie,REBAS_AS_F-T,2013,2629
indie,REBAS_AS_F-T,2013,976
indie,REBAS_AS_F-T,2013,8062
indie,REBAS_AS_F-T,2013,1245
indie,REBAS_AS_F-T,2013,1197
indie,REBAS_AS_F-T,2016,2426
indie,REBAS_AS_F-T,2013,4556
indie,REBAS_AS_F-T,2013,6429
indie,REBAS_AS_F-T,2014,4223
indie,REBAS_AS_F-T,2012,1023
indie,REBAS_AS_F-T,2013,1004
indie,REBAS_AS_F-T,2014,0
indie,REBAS_AS_F-T,2009,0
indie,REBAS_AS_F-T,2007,0
indie,REBAS_AS_F-T,2013,2413
indie,REBAS_AS_F-T,2014,170
indie,REBAS_AS_F-T,2014,0
indie,REBAS_AS_F-T,2014,4558
indie,REBAS_AS_F-T,2013,2215
indie,REBAS_AS_F-T,2014,945
indie,REBAS_AS_F-T,2013,13982
indie,REBAS_AS_F-T,2012,10600
indie,REBAS_AS_F-T,2011,498
indie,REBAS_AS_F-T,2009,7255
indie,REBAS_AS_F-T,2012,2305
indie,REBAS_AS_F-T,2014,449
indie,REBAS_AS_F-T,2015,0
indie,REBAS_AS_F-T,2013,1912
indie,REBAS_AS_F-T,2014,2543
indie,REBAS_AS_F-T,2013,3210
indie,REBAS_AS_F-T,2014,974
indie,REBAS_AS_F-T,2015,1878
indie,REBAS_AS_F-T,2014,373
indie,REBAS_AS_F-T,2013,367
indie,REBAS_AS_F-T,2014,1505
indie,REBAS_AS_F-T,2013,53
indie,REBAS_AS_F-T,2014,0
indie,REBAS_AS_F-T,2014,890
indie,REBAS_AS_F-T,2014,4851
indie,REBAS_AS_F-T,2014,1044
indie,REBAS_AS_F-T,2015,507
indie,REBAS_AS_F-T,2014,5118
indie,REBAS_AS_F-T,2014,548
indie,REBAS_AS_F-T,2012,1216
indie,REBAS_AS_F-T,2014,153
indie,REBAS_AS_F-T,2014,183
indie,REBAS_AS_F-T,2016,7943
indie,REBAS_AS_F-T,2014,0
indie,REBAS_AS_F-T,2014,3904
indie,REBAS_AS_F-T,2013,1168
indie,REBAS_AS_F-T,2014,2345
indie,REBAS_AS_F-T,2014,1577
indie,REBAS_AS_F-T,2014,1264
indie,REBAS_AS_F-T,2014,3092
indie,REBAS_AS_F-T,2014,4472
indie,REBAS_AS_F-T,2014,1386
indie,REBAS_AS_F-T,2014,0
indie,REBAS_AS_F-T,2012,1572
indie,REBAS_AS_F-T,2009,6688
indie,REBAS_AS_F-T,2014,1676
indie,REBAS_AS_F-T,2014,1381
indie,REBAS_AS_F-T,2014,3039
indie,REBAS_AS_F-T,2014,4
indie,REBAS_AS_F-T,2014,3438
indie,REBAS_AS_F-T,2014,6253
indie,REBAS_AS_F-T,2014,3852
indie,REBAS_AS_F-T,2014,1238
indie,REBAS_AS_F-T,2016,46
indie,REBAS_AS_F-T,2015,1271
indie,REBAS_AS_F-T,2014,0
indie,REBAS_AS_F-T,2014,0
indie,REBAS_AS_F-T,2014,1168
indie,REBAS_AS_F-T,2014,1
indie,REBAS_AS_F-T,2014,5974
indie,REBAS_AS_F-T,2014,7417
indie,REBAS_AS_F-T,2014,2521
indie,REBAS_AS_F-T,2016,0
indie,REBAS_AS_F-T,1999,0
indie,REBAS_AS_F-T,2014,3327
indie,REBAS_AS_F-T,2014,1281
indie,REBAS_AS_F-T,2014,1060
indie,REBAS_AS_F-T,2014,720
indie,REBAS_AS_F-T,2015,3151
indie,REBAS_AS_F-T,2014,4466
indie,REBAS_AS_F-T,2014,6185
indie,REBAS_AS_F-T,2015,272
indie,REBAS_AS_F-T,2014,6398
indie,REBAS_AS_F-T,2014,975
indie,REBAS_AS_F-T,2014,122
indie,REBAS_AS_F-T,2014,5297
indie,REBAS_AS_F-T,2014,716
indie,REBAS_AS_F-T,2014,4003
indie,REBAS_AS_F-T,2015,405
indie,REBAS_AS_F-T,2013,6091
indie,REBAS_AS_F-T,2014,3061
indie,REBAS_AS_F-T,2014,10872
indie,REBAS_AS_F-T,2015,31061
indie,REBAS_AS_F-T,2014,775
indie,REBAS_AS_F-T,2012,858
indie,REBAS_AS_F-T,2012,2631
indie,REBAS_AS_F-T,2013,966
indie,REBAS_AS_F-T,2013,2484
indie,REBAS_AS_F-T,2014,2311
indie,REBAS_AS_F-T,2013,988
indie,REBAS_AS_F-T,2014,2076
indie,REBAS_AS_F-T,2013,4138
indie,REBAS_AS_F-T,2013,1461
indie,REBAS_AS_F-T,2014,1765
indie,REBAS_AS_F-T,2015,1061
indie,REBAS_AS_F-T,2014,3
indie,REBAS_AS_F-T,2014,2922
indie,REBAS_AS_F-T,2014,344
indie,REBAS_AS_F-T,2014,2854
indie,REBAS_AS_F-T,2014,1745
indie,REBAS_AS_F-T,2014,1
indie,REBAS_AS_F-T,2013,9151
indie,REBAS_AS_F-T,2014,1097
indie,REBAS_AS_F-T,2015,4954
indie,REBAS_AS_F-T,2014,0
indie,REBAS_AS_F-T,2014,1604
indie,REBAS_AS_F-T,2010,6820
indie,REBAS_AS_F-T,2016,1763
indie,REBAS_AS_F-T,2014,3485
indie,REBAS_AS_F-T,2016,0
indie,REBAS_AS_F-T,2014,0
indie,REBAS_AS_F-T,2014,770
indie,REBAS_AS_F-T,2014,0
indie,REBAS_AS_F-T,2015,0
indie,REBAS_AS_F-T,2014,0
indie,REBAS_AS_F-T,2011,6262
indie,REBAS_AS_F-T,2014,0
indie,REBAS_AS_F-T,2015,1413
indie,REBAS_AS_F-T,2014,0
indie,REBAS_AS_F-T,2016,0
indie,REBAS_AS_F-T,2011,8922
indie,REBAS_AS_F-T,2011,7731
indie,REBAS_AS_F-T,2014,0
indie,REBAS_AS_F-T,2015,0
indie,REBAS_AS_F-T,2014,0
indie,REBAS_AS_F-T,2014,68
indie,REBAS_AS_F-T,2014,257
indie,REBAS_AS_F-T,2014,701
indie,REBAS_AS_F-T,2014,701
indie,REBAS_AS_F-T,2014,701
indie,REBAS_AS_F-T,2015,23717
indie,REBAS_AS_F-T,2014,2077
indie,REBAS_AS_F-T,2014,1042
indie,REBAS_AS_F-T,2016,2524
indie,REBAS_AS_F-T,2014,3745
indie,REBAS_AS_F-T,2016,0
indie,REBAS_AS_F-T,2014,1
indie,REBAS_AS_F-T,2014,618
indie,REBAS_AS_F-T,2010,6427
indie,REBAS_AS_F-T,2017,0
indie,REBAS_AS_F-T,2015,1745
indie,REBAS_AS_F-T,2014,6681
indie,REBAS_AS_F-T,2014,2597
indie,REBAS_AS_F-T,2016,7285
indie,REBAS_AS_F-T,2014,2410
indie,REBAS_AS_F-T,2017,58
indie,REBAS_AS_F-T,2016,0
indie,REBAS_AS_F-T,2014,0
indie,REBAS_AS_F-T,2014,0
indie,REBAS_AS_F-T,2014,4693
indie,REBAS_AS_F-T,2014,0
indie,REBAS_AS_F-T,2014,2815
indie,REBAS_AS_F-T,2016,0
indie,REBAS_AS_F-T,2015,1689
indie,REBAS_AS_F-T,2015,595
indie,REBAS_AS_F-T,2015,620
indie,REBAS_AS_F-T,2014,0
indie,REBAS_AS_F-T,2014,10
indie,REBAS_AS_F-T,2014,222
indie,REBAS_AS_F-T,2014,5507
indie,REBAS_AS_F-T,2014,0
indie,REBAS_AS_F-T,2015,1612
indie,REBAS_AS_F-T,2014,0
indie,REBAS_AS_F-T,2013,6829
indie,REBAS_AS_F-T,2016,0
indie,REBAS_AS_F-T,2014,581
indie,REBAS_AS_F-T,2014,4257
indie,REBAS_AS_F-T,2016,0
indie,REBAS_AS_F-T,2014,28
indie,REBAS_AS_F-T,2014,869
indie,REBAS_AS_F-T,2009,6692
indie,REBAS_AS_F-T,2014,0
indie,REBAS_AS_F-T,2016,3535
indie,REBAS_AS_F-T,2008,1241
indie,REBAS_AS_F-T,2009,2146
indie,REBAS_AS_F-T,2012,2649
indie,REBAS_AS_F-T,2016,0
indie,REBAS_AS_F-T,2005,0
indie,REBAS_AS_F-T,2014,1057
indie,REBAS_AS_F-T,2015,1687
indie,REBAS_AS_F-T,2013,798
indie,REBAS_AS_F-T,2014,57
indie,REBAS_AS_F-T,2014,816
indie,REBAS_AS_F-T,2013,9644
indie,REBAS_AS_F-T,2014,0
indie,REBAS_AS_F-T,2015,0
indie,REBAS_AS_F-T,2014,0
indie,REBAS_AS_F-T,2014,0
indie,REBAS_AS_F-T,2014,2210
indie,REBAS_AS_F-T,2014,964
indie,REBAS_AS_F-T,2016,2796
indie,REBAS_AS_F-T,2014,3449
indie,REBAS_AS_F-T,2014,0
indie,REBAS_AS_F-T,2014,787
indie,REBAS_AS_F-T,2015,0
indie,REBAS_AS_F-T,2015,1962
indie,REBAS_AS_F-T,2015,172
indie,REBAS_AS_F-T,2014,1529
indie,REBAS_AS_F-T,2014,0
indie,REBAS_AS_F-T,2014,4502
indie,REBAS_AS_F-T,2014,5610
indie,REBAS_AS_F-T,2014,0
indie,REBAS_AS_F-T,2005,0
indie,REBAS_AS_F-T,2014,0
indie,REBAS_AS_F-T,2013,264
indie,REBAS_AS_F-T,2015,218
indie,REBAS_AS_F-T,2016,1377
indie,REBAS_AS_F-T,2014,352
indie,REBAS_AS_F-T,2015,4720
indie,REBAS_AS_F-T,2015,1042
indie,REBAS_AS_F-T,2017,2262
indie,REBAS_AS_F-T,2014,3504
indie,REBAS_AS_F-T,2014,126
indie,REBAS_AS_F-T,2014,30897
indie,REBAS_AS_F-T,2014,1666
indie,REBAS_AS_F-T,2015,1554
indie,REBAS_AS_F-T,2012,9432
indie,REBAS_AS_F-T,2014,1180
indie,REBAS_AS_F-T,2016,1741
indie,REBAS_AS_F-T,2014,0
indie,REBAS_AS_F-T,2015,4358
indie,REBAS_AS_F-T,2015,6315
indie,REBAS_AS_F-T,2015,0
indie,REBAS_AS_F-T,2014,2294
indie,REBAS_AS_F-T,2013,0
indie,REBAS_AS_F-T,2014,170
indie,REBAS_AS_F-T,2014,4009
indie,REBAS_AS_F-T,2014,0
indie,REBAS_AS_F-T,2014,4285
indie,REBAS_AS_F-T,2015,1262
indie,REBAS_AS_F-T,2014,0
indie,REBAS_AS_F-T,2015,1178
indie,REBAS_AS_F-T,2014,1965
indie,REBAS_AS_F-T,2010,1
indie,REBAS_AS_F-T,2014,0
indie,REBAS_AS_F-T,2014,624
indie,REBAS_AS_F-T,2014,1534
indie,REBAS_AS_F-T,2015,1505
indie,REBAS_AS_F-T,2015,6
indie,REBAS_AS_F-T,2015,2783
indie,REBAS_AS_F-T,2015,4763
indie,REBAS_AS_F-T,2014,4301
indie,REBAS_AS_F-T,2014,2178
indie,REBAS_AS_F-T,2014,0
indie,REBAS_AS_F-T,2012,6493
indie,REBAS_AS_F-T,2014,6377
indie,REBAS_AS_F-T,2015,1119
indie,REBAS_AS_F-T,2014,1187
indie,REBAS_AS_F-T,2014,2855
indie,REBAS_AS_F-T,2015,0
indie,REBAS_AS_F-T,2015,4493
indie,REBAS_AS_F-T,2015,13722
indie,REBAS_AS_F-T,2015,8767
indie,REBAS_AS_F-T,2015,3382
indie,REBAS_AS_F-T,2015,0
indie,REBAS_AS_F-T,2012,0
indie,REBAS_AS_F-T,2011,6942
indie,REBAS_AS_F-T,2011,7244
indie,REBAS_AS_F-T,2015,0
indie,REBAS_AS_F-T,2014,104
indie,REBAS_AS_F-T,2014,2821
indie,REBAS_AS_F-T,2014,1
indie,REBAS_AS_F-T,2014,4141
indie,REBAS_AS_F-T,2015,518
indie,REBAS_AS_F-T,2011,6464
indie,REBAS_AS_F-T,2014,12843
indie,REBAS_AS_F-T,2015,2361
indie,REBAS_AS_F-T,2015,0
indie,REBAS_AS_F-T,2017,0
indie,REBAS_AS_F-T,2014,0
indie,REBAS_AS_F-T,2015,2797
indie,REBAS_AS_F-T,2015,1453
indie,REBAS_AS_F-T,2015,0
indie,REBAS_AS_F-T,2015,6449
indie,REBAS_AS_F-T,2015,3727
indie,REBAS_AS_F-T,2015,1210
indie,REBAS_AS_F-T,2013,0
indie,REBAS_AS_F-T,2014,56
indie,REBAS_AS_F-T,2015,0
indie,REBAS_AS_F-T,2015,985
indie,REBAS_AS_F-T,2012,5023
indie,REBAS_AS_F-T,2015,0
indie,REBAS_AS_F-T,2015,33
indie,REBAS_AS_F-T,2015,1883
indie,REBAS_AS_F-T,2012,716
indie,REBAS_AS_F-T,2015,6151
indie,REBAS_AS_F-T,2014,2276
indie,REBAS_AS_F-T,2015,3213
indie,REBAS_AS_F-T,2015,0
indie,REBAS_AS_F-T,2013,1627
indie,REBAS_AS_F-T,2015,0
indie,REBAS_AS_F-T,2015,0
indie,REBAS_AS_F-T,2015,10604
indie,REBAS_AS_F-T,2015,909
indie,REBAS_AS_F-T,2015,14108
indie,REBAS_AS_F-T,2015,0
indie,REBAS_AS_F-T,2015,165
indie,REBAS_AS_F-T,2016,9487
indie,REBAS_AS_F-T,2017,1399
indie,REBAS_AS_F-T,2017,55
indie,REBAS_AS_F-T,2017,0
indie,REBAS_AS_F-T,2014,0
indie,REBAS_AS_F-T,2014,981
indie,REBAS_AS_F-T,2012,0
indie,REBAS_AS_F-T,2016,0
indie,REBAS_AS_F-T,2015,3945
indie,REBAS_AS_F-T,2015,3658
indie,REBAS_AS_F-T,2015,1813
indie,REBAS_AS_F-T,2015,30979
indie,REBAS_AS_F-T,2014,4652
indie,REBAS_AS_F-T,2015,6470
indie,REBAS_AS_F-T,2014,242
indie,REBAS_AS_F-T,2001,11
indie,REBAS_AS_F-T,2015,31139
indie,REBAS_AS_F-T,2014,6431
indie,REBAS_AS_F-T,2015,7393
indie,REBAS_AS_F-T,2015,1960
indie,REBAS_AS_F-T,2015,0
indie,REBAS_AS_F-T,2011,6606
indie,REBAS_AS_F-T,2015,0
indie,REBAS_AS_F-T,2016,0
indie,REBAS_AS_F-T,2012,0
indie,REBAS_AS_F-T,2015,1336
indie,REBAS_AS_F-T,2015,4855
indie,REBAS_AS_F-T,2015,0
indie,REBAS_AS_F-T,2015,6431
indie,REBAS_AS_F-T,2015,0
indie,REBAS_AS_F-T,2015,31303
indie,REBAS_AS_F-T,2015,945
indie,REBAS_AS_F-T,2016,53
indie,REBAS_AS_F-T,2015,5673
indie,REBAS_AS_F-T,2014,0
indie,REBAS_AS_F-T,2015,1650
indie,REBAS_AS_F-T,2015,0
indie,REBAS_AS_F-T,2015,360
indie,REBAS_AS_F-T,2012,3316
indie,REBAS_AS_F-T,2015,0
indie,REBAS_AS_F-T,2015,226
indie,REBAS_AS_F-T,2015,0
indie,REBAS_AS_F-T,2015,6130
indie,REBAS_AS_F-T,2015,11
indie,REBAS_AS_F-T,2015,308
indie,REBAS_AS_F-T,2015,226
indie,REBAS_AS_F-T,2015,564
indie,REBAS_AS_F-T,2015,7403
indie,REBAS_AS_F-T,2012,3995
indie,REBAS_AS_F-T,2013,3608
indie,REBAS_AS_F-T,2014,4055
indie,REBAS_AS_F-T,2015,0
indie,REBAS_AS_F-T,2015,3619
indie,REBAS_AS_F-T,2016,1598
indie,REBAS_AS_F-T,2015,230
indie,REBAS_AS_F-T,2016,11319
indie,REBAS_AS_F-T,2015,641
indie,REBAS_AS_F-T,2015,4329
indie,REBAS_AS_F-T,2015,2322
indie,REBAS_AS_F-T,2015,1168
indie,REBAS_AS_F-T,2016,2571
indie,REBAS_AS_F-T,2015,1098
indie,REBAS_AS_F-T,2015,6411
indie,REBAS_AS_F-T,2015,0
indie,REBAS_AS_F-T,2015,2066
indie,REBAS_AS_F-T,2015,0
indie,REBAS_AS_F-T,2015,1563
indie,REBAS_AS_F-T,2013,7075
indie,REBAS_AS_F-T,2015,467
indie,REBAS_AS_F-T,2015,25567
indie,REBAS_AS_F-T,2015,4679
indie,REBAS_AS_F-T,2015,0
indie,REBAS_AS_F-T,2015,31136
indie,REBAS_AS_F-T,2015,0
indie,REBAS_AS_F-T,2015,0
indie,REBAS_AS_F-T,2015,0
indie,REBAS_AS_F-T,2014,7125
indie,REBAS_AS_F-T,2015,0
indie,REBAS_AS_F-T,2016,0
indie,REBAS_AS_F-T,2015,31211
indie,REBAS_AS_F-T,2015,367
indie,REBAS_AS_F-T,2016,6150
indie,REBAS_AS_F-T,2015,0
indie,REBAS_AS_F-T,2014,0
indie,REBAS_AS_F-T,2015,833
indie,REBAS_AS_F-T,2015,1371
indie,REBAS_AS_F-T,2016,11958
indie,REBAS_AS_F-T,2012,6622
indie,REBAS_AS_F-T,2015,1432
indie,REBAS_AS_F-T,2015,2359
indie,REBAS_AS_F-T,2015,4658
indie,REBAS_AS_F-T,2015,42
indie,REBAS_AS_F-T,2016,0
indie,REBAS_AS_F-T,2015,6255
indie,REBAS_AS_F-T,2015,0
indie,REBAS_AS_F-T,2015,4911
indie,REBAS_AS_F-T,2015,4567
indie,REBAS_AS_F-T,2015,4120
indie,REBAS_AS_F-T,2015,0
indie,REBAS_AS_F-T,2016,6924
indie,REBAS_AS_F-T,2015,0
indie,REBAS_AS_F-T,2015,9
indie,REBAS_AS_F-T,2015,233
indie,REBAS_AS_F-T,2015,6447
indie,REBAS_AS_F-T,2015,0
indie,REBAS_AS_F-T,2015,8299
indie,REBAS_AS_F-T,2016,0
indie,REBAS_AS_F-T,2016,7613
indie,REBAS_AS_F-T,2015,6065
indie,REBAS_AS_F-T,2015,910
indie,REBAS_AS_F-T,2016,0
indie,REBAS_AS_F-T,2014,701
indie,REBAS_AS_F-T,2015,24
indie,REBAS_AS_F-T,2015,4341
indie,REBAS_AS_F-T,2015,31261
indie,REBAS_AS_F-T,2015,11
indie,REBAS_AS_F-T,2008,0
indie,REBAS_AS_F-T,2015,1743
indie,REBAS_AS_F-T,2015,3765
indie,REBAS_AS_F-T,2015,844
indie,REBAS_AS_F-T,2015,1368
indie,REBAS_AS_F-T,2016,2010
indie,REBAS_AS_F-T,2015,3737
indie,REBAS_AS_F-T,2011,0
indie,REBAS_AS_F-T,2014,1006
indie,REBAS_AS_F-T,2015,922
indie,REBAS_AS_F-T,2015,9163
indie,REBAS_AS_F-T,2015,0
indie,REBAS_AS_F-T,2015,0
indie,REBAS_AS_F-T,2016,689
indie,REBAS_AS_F-T,2015,0
indie,REBAS_AS_F-T,2016,2739
indie,REBAS_AS_F-T,2007,0
indie,REBAS_AS_F-T,2015,809
indie,REBAS_AS_F-T,2014,0
indie,REBAS_AS_F-T,2015,0
indie,REBAS_AS_F-T,2015,1074
indie,REBAS_AS_F-T,2015,10379
indie,REBAS_AS_F-T,2015,0
indie,REBAS_AS_F-T,2015,27
indie,REBAS_AS_F-T,2015,0
indie,REBAS_AS_F-T,2015,659
indie,REBAS_AS_F-T,2015,0
indie,REBAS_AS_F-T,2015,31107
indie,REBAS_AS_F-T,2016,1597
indie,REBAS_AS_F-T,2015,6412
indie,REBAS_AS_F-T,2017,697
indie,REBAS_AS_F-T,2015,0
indie,REBAS_AS_F-T,2015,0
indie,REBAS_AS_F-T,2015,784
indie,REBAS_AS_F-T,2015,6149
indie,REBAS_AS_F-T,2015,8
indie,REBAS_AS_F-T,2015,1572
indie,REBAS_AS_F-T,2015,2381
indie,REBAS_AS_F-T,2015,1894
indie,REBAS_AS_F-T,2015,0
indie,REBAS_AS_F-T,2016,6446
indie,REBAS_AS_F-T,2015,1514
indie,REBAS_AS_F-T,2014,0
indie,REBAS_AS_F-T,2014,0
indie,REBAS_AS_F-T,2016,0
indie,REBAS_AS_F-T,2016,0
indie,REBAS_AS_F-T,2016,1410
indie,REBAS_AS_F-T,2015,1480
indie,REBAS_AS_F-T,2016,4650
indie,REBAS_AS_F-T,2015,1328
indie,REBAS_AS_F-T,2015,1277
indie,REBAS_AS_F-T,2015,0
indie,REBAS_AS_F-T,2016,0
indie,REBAS_AS_F-T,2015,28
indie,REBAS_AS_F-T,2016,0
indie,REBAS_AS_F-T,2017,0
indie,REBAS_AS_F-T,2015,2629
indie,REBAS_AS_F-T,2016,0
indie,REBAS_AS_F-T,2016,626
indie,REBAS_AS_F-T,2016,3147
indie,REBAS_AS_F-T,2015,1137
indie,REBAS_AS_F-T,2015,3968
indie,REBAS_AS_F-T,2015,1
indie,REBAS_AS_F-T,2015,752
indie,REBAS_AS_F-T,2015,1110
indie,REBAS_AS_F-T,2015,6451
indie,REBAS_AS_F-T,2016,10153
indie,REBAS_AS_F-T,2016,1
indie,REBAS_AS_F-T,2015,1318
indie,REBAS_AS_F-T,2017,0
indie,REBAS_AS_F-T,2015,6686
indie,REBAS_AS_F-T,2016,6733
indie,REBAS_AS_F-T,2015,1487
indie,REBAS_AS_F-T,2016,0
indie,REBAS_AS_F-T,2015,879
indie,REBAS_AS_F-T,2016,1048
indie,REBAS_AS_F-T,2015,0
indie,REBAS_AS_F-T,2015,0
indie,REBAS_AS_F-T,2015,3656
indie,REBAS_AS_F-T,2015,1462
indie,REBAS_AS_F-T,2014,0
indie,REBAS_AS_F-T,2010,463
indie,REBAS_AS_F-T,2015,824
indie,REBAS_AS_F-T,2015,921
indie,REBAS_AS_F-T,2014,2486
indie,REBAS_AS_F-T,2015,0
indie,REBAS_AS_F-T,2015,0
indie,REBAS_AS_F-T,2016,0
indie,REBAS_AS_F-T,2016,3199
indie,REBAS_AS_F-T,2011,6167
indie,REBAS_AS_F-T,2016,30869
indie,REBAS_AS_F-T,2015,227
indie,REBAS_AS_F-T,2015,0
indie,REBAS_AS_F-T,2015,2678
indie,REBAS_AS_F-T,2015,0
indie,REBAS_AS_F-T,2015,24
indie,REBAS_AS_F-T,2016,948
indie,REBAS_AS_F-T,2015,0
indie,REBAS_AS_F-T,2015,4859
indie,REBAS_AS_F-T,2015,762
indie,REBAS_AS_F-T,2015,573
indie,REBAS_AS_F-T,2015,0
indie,REBAS_AS_F-T,2015,1452
indie,REBAS_AS_F-T,2016,9385
indie,REBAS_AS_F-T,2016,6073
indie,REBAS_AS_F-T,2017,24
indie,REBAS_AS_F-T,2014,0
indie,REBAS_AS_F-T,2015,2456
indie,REBAS_AS_F-T,2015,6460
indie,REBAS_AS_F-T,2015,6887
indie,REBAS_AS_F-T,2015,5
indie,REBAS_AS_F-T,2015,0
indie,REBAS_AS_F-T,2015,0
indie,REBAS_AS_F-T,2017,0
indie,REBAS_AS_F-T,2015,3129
indie,REBAS_AS_F-T,2015,7
indie,REBAS_AS_F-T,2015,0
indie,REBAS_AS_F-T,2015,0
indie,REBAS_AS_F-T,2015,1141
indie,REBAS_AS_F-T,2016,4908
indie,REBAS_AS_F-T,2015,6177
indie,REBAS_AS_F-T,2016,0
indie,REBAS_AS_F-T,2015,395
indie,REBAS_AS_F-T,2015,0
indie,REBAS_AS_F-T,2015,467
indie,REBAS_AS_F-T,2016,1
indie,REBAS_AS_F-T,2016,7968
indie,REBAS_AS_F-T,2015,1104
indie,REBAS_AS_F-T,2017,7928
indie,REBAS_AS_F-T,2015,0
indie,REBAS_AS_F-T,2015,0
indie,REBAS_AS_F-T,2016,5556
indie,REBAS_AS_F-T,2016,11340
indie,REBAS_AS_F-T,2015,3305
indie,REBAS_AS_F-T,2016,699
indie,REBAS_AS_F-T,2015,2117
indie,REBAS_AS_F-T,2015,495
indie,REBAS_AS_F-T,2015,0
indie,REBAS_AS_F-T,2015,12051
indie,REBAS_AS_F-T,2016,7784
indie,REBAS_AS_F-T,2015,1140
indie,REBAS_AS_F-T,2015,0
indie,REBAS_AS_F-T,2015,351
indie,REBAS_AS_F-T,2015,3142
indie,REBAS_AS_F-T,2014,2238
indie,REBAS_AS_F-T,2016,7819
indie,REBAS_AS_F-T,2016,5383
indie,REBAS_AS_F-T,2016,2734
indie,REBAS_AS_F-T,2016,1133
indie,REBAS_AS_F-T,2016,5168
indie,REBAS_AS_F-T,2017,21137
indie,REBAS_AS_F-T,2016,1234
indie,REBAS_AS_F-T,2015,0
indie,REBAS_AS_F-T,2016,2413
indie,REBAS_AS_F-T,2016,1391
indie,REBAS_AS_F-T,2016,33
indie,REBAS_AS_F-T,2016,1032
indie,REBAS_AS_F-T,2015,86
indie,REBAS_AS_F-T,2016,7331
indie,REBAS_AS_F-T,2015,1578
indie,REBAS_AS_F-T,2016,0
indie,REBAS_AS_F-T,2016,8717
indie,REBAS_AS_F-T,2016,324
indie,REBAS_AS_F-T,2015,6737
indie,REBAS_AS_F-T,2016,12
indie,REBAS_AS_F-T,2015,1970
indie,REBAS_AS_F-T,2016,3083
indie,REBAS_AS_F-T,2016,1918
indie,REBAS_AS_F-T,2016,0
indie,REBAS_AS_F-T,2016,0
indie,REBAS_AS_F-T,2015,53
indie,REBAS_AS_F-T,2016,30890
indie,REBAS_AS_F-T,2014,0
indie,REBAS_AS_F-T,2016,2797
indie,REBAS_AS_F-T,2016,1515
indie,REBAS_AS_F-T,2016,31006
indie,REBAS_AS_F-T,2016,30786
indie,REBAS_AS_F-T,2016,6504
indie,REBAS_AS_F-T,2016,0
indie,REBAS_AS_F-T,2016,3797
indie,REBAS_AS_F-T,2016,6302
indie,REBAS_AS_F-T,2016,0
indie,REBAS_AS_F-T,2016,24647
indie,REBAS_AS_F-T,2016,0
indie,REBAS_AS_F-T,2016,0
indie,REBAS_AS_F-T,2016,4513
indie,REBAS_AS_F-T,2016,2374
indie,REBAS_AS_F-T,2016,0
indie,REBAS_AS_F-T,2016,0
indie,REBAS_AS_F-T,2013,35
indie,REBAS_AS_F-T,2016,7201
indie,REBAS_AS_F-T,2016,0
indie,REBAS_AS_F-T,2016,0
indie,REBAS_AS_F-T,2016,0
indie,REBAS_AS_F-T,2016,36617
indie,REBAS_AS_F-T,2016,43
indie,REBAS_AS_F-T,2016,0
indie,REBAS_AS_F-T,2016,6350
indie,REBAS_AS_F-T,2016,3705
indie,REBAS_AS_F-T,2016,1180
indie,REBAS_AS_F-T,2016,1814
indie,REBAS_AS_F-T,2016,6166
indie,REBAS_AS_F-T,2016,3278
indie,REBAS_AS_F-T,2016,6456
indie,REBAS_AS_F-T,2016,5443
indie,REBAS_AS_F-T,2017,0
indie,REBAS_AS_F-T,2016,6359
indie,REBAS_AS_F-T,2016,0
indie,REBAS_AS_F-T,2016,0
indie,REBAS_AS_F-T,2016,702
indie,REBAS_AS_F-T,2016,30889
indie,REBAS_AS_F-T,2016,19684
indie,REBAS_AS_F-T,2016,1537
indie,REBAS_AS_F-T,2016,6398
indie,REBAS_AS_F-T,2016,33
indie,REBAS_AS_F-T,2016,0
indie,REBAS_AS_F-T,2016,8577
indie,REBAS_AS_F-T,2016,0
indie,REBAS_AS_F-T,2016,8842
indie,REBAS_AS_F-T,2016,0
indie,REBAS_AS_F-T,2016,1615
indie,REBAS_AS_F-T,2016,3064
indie,REBAS_AS_F-T,2016,1248
indie,REBAS_AS_F-T,2016,3321
indie,REBAS_AS_F-T,2016,4198
indie,REBAS_AS_F-T,2016,1728
indie,REBAS_AS_F-T,2015,4008
indie,REBAS_AS_F-T,2016,6511
indie,REBAS_AS_F-T,2016,0
indie,REBAS_AS_F-T,2016,2547
indie,REBAS_AS_F-T,2016,7115
indie,REBAS_AS_F-T,2015,0
indie,REBAS_AS_F-T,2016,0
indie,REBAS_AS_F-T,2016,2632
indie,REBAS_AS_F-T,2016,4006
indie,REBAS_AS_F-T,2016,1520
indie,REBAS_AS_F-T,2016,0
indie,REBAS_AS_F-T,2016,2304
indie,REBAS_AS_F-T,2016,6215
indie,REBAS_AS_F-T,2016,12356
indie,REBAS_AS_F-T,2016,7164
indie,REBAS_AS_F-T,2016,812
indie,REBAS_AS_F-T,2016,536
indie,REBAS_AS_F-T,2016,1998
indie,REBAS_AS_F-T,2016,0
indie,REBAS_AS_F-T,2016,30
indie,REBAS_AS_F-T,2015,0
indie,REBAS_AS_F-T,2016,0
indie,REBAS_AS_F-T,2016,1498
indie,REBAS_AS_F-T,2016,1545
indie,REBAS_AS_F-T,2016,8834
indie,REBAS_AS_F-T,2016,1099
indie,REBAS_AS_F-T,2016,1
indie,REBAS_AS_F-T,2016,1904
indie,REBAS_AS_F-T,2016,10557
indie,REBAS_AS_F-T,2016,747
indie,REBAS_AS_F-T,2016,0
indie,REBAS_AS_F-T,2016,2519
indie,REBAS_AS_F-T,2016,6226
indie,REBAS_AS_F-T,2016,0
indie,REBAS_AS_F-T,2016,434
indie,REBAS_AS_F-T,2016,0
indie,REBAS_AS_F-T,2016,0
indie,REBAS_AS_F-T,2016,14201
indie,REBAS_AS_F-T,2016,569
indie,REBAS_AS_F-T,2016,8371
indie,REBAS_AS_F-T,2016,0
indie,REBAS_AS_F-T,2016,1661
indie,REBAS_AS_F-T,2016,6346
indie,REBAS_AS_F-T,2016,0
indie,REBAS_AS_F-T,2016,0
indie,REBAS_AS_F-T,2015,0
indie,REBAS_AS_F-T,2016,0
indie,REBAS_AS_F-T,2016,0
indie,REBAS_AS_F-T,2016,0
indie,REBAS_AS_F-T,2016,273
indie,REBAS_AS_F-T,2016,7337
indie,REBAS_AS_F-T,2016,2039
indie,REBAS_AS_F-T,2016,0
indie,REBAS_AS_F-T,2015,13500
indie,REBAS_AS_F-T,2016,19981
indie,REBAS_AS_F-T,2016,3970
indie,REBAS_AS_F-T,2016,6720
indie,REBAS_AS_F-T,2016,2273
indie,REBAS_AS_F-T,2016,10971
indie,REBAS_AS_F-T,2016,2600
indie,REBAS_AS_F-T,2016,1538
indie,REBAS_AS_F-T,2016,0
indie,REBAS_AS_F-T,2016,2041
indie,REBAS_AS_F-T,2016,3274
indie,REBAS_AS_F-T,2016,0
indie,REBAS_AS_F-T,2016,13289
indie,REBAS_AS_F-T,2016,0
indie,REBAS_AS_F-T,2015,0
indie,REBAS_AS_F-T,2016,3273
indie,REBAS_AS_F-T,2016,6587
indie,REBAS_AS_F-T,2016,938
indie,REBAS_AS_F-T,2015,0
indie,REBAS_AS_F-T,2016,2359
indie,REBAS_AS_F-T,2016,24009
indie,REBAS_AS_F-T,2008,0
indie,REBAS_AS_F-T,2016,2318
indie,REBAS_AS_F-T,2016,3865
indie,REBAS_AS_F-T,2016,6232
indie,REBAS_AS_F-T,2016,0
indie,REBAS_AS_F-T,2014,912
indie,REBAS_AS_F-T,2016,0
indie,REBAS_AS_F-T,2016,0
indie,REBAS_AS_F-T,2016,2114
indie,REBAS_AS_F-T,2016,1382
indie,REBAS_AS_F-T,2016,0
indie,REBAS_AS_F-T,2016,0
indie,REBAS_AS_F-T,2011,4303
indie,REBAS_AS_F-T,2016,0
indie,REBAS_AS_F-T,2014,0
indie,REBAS_AS_F-T,2010,0
indie,REBAS_AS_F-T,2016,0
indie,REBAS_AS_F-T,2015,7136
indie,REBAS_AS_F-T,2017,0
indie,REBAS_AS_F-T,2016,6430
indie,REBAS_AS_F-T,2016,0
indie,REBAS_AS_F-T,2016,0
indie,REBAS_AS_F-T,2016,0
indie,REBAS_AS_F-T,2016,0
indie,REBAS_AS_F-T,2016,0
strategy,shinomegami,2004,23
strategy,shinomegami,2007,0
strategy,shinomegami,2007,0
strategy,shinomegami,2004,0
strategy,shinomegami,2006,0
strategy,shinomegami,2007,0
strategy,shinomegami,2003,530882
strategy,shinomegami,2008,0
strategy,shinomegami,1995,20485
strategy,shinomegami,1997,0
strategy,shinomegami,1998,0
strategy,shinomegami,1993,22001
strategy,shinomegami,2001,0
strategy,shinomegami,2008,0
strategy,shinomegami,2009,2
strategy,shinomegami,2009,0
strategy,shinomegami,2009,93
strategy,shinomegami,2009,49
strategy,shinomegami,2009,3178
strategy,shinomegami,2009,0
strategy,shinomegami,2009,0
strategy,shinomegami,2008,0
strategy,shinomegami,2010,0
strategy,shinomegami,2008,144
strategy,shinomegami,2010,98
strategy,shinomegami,2010,0
strategy,shinomegami,2010,9110
strategy,shinomegami,2010,0
strategy,shinomegami,2010,0
strategy,shinomegami,2010,359
strategy,shinomegami,2010,2428
strategy,shinomegami,2010,0
strategy,shinomegami,2000,0
strategy,shinomegami,2010,0
strategy,shinomegami,2009,0
strategy,shinomegami,2011,78
strategy,shinomegami,2011,87
strategy,shinomegami,2011,1783
strategy,shinomegami,2011,0
strategy,shinomegami,2011,1886
strategy,shinomegami,2011,0
strategy,shinomegami,2011,0
strategy,shinomegami,2011,139
strategy,shinomegami,2010,0
strategy,shinomegami,2009,0
strategy,shinomegami,2009,0
strategy,shinomegami,2011,0
strategy,shinomegami,2011,0
strategy,shinomegami,2011,0
strategy,shinomegami,2008,0
strategy,shinomegami,2011,387
strategy,shinomegami,2010,0
strategy,shinomegami,2011,0
strategy,shinomegami,2010,0
strategy,shinomegami,2011,76
strategy,shinomegami,2002,0
strategy,shinomegami,2011,0
strategy,shinomegami,1998,0
strategy,shinomegami,1999,0
strategy,shinomegami,2002,0
strategy,shinomegami,2003,0
strategy,shinomegami,2011,0
strategy,shinomegami,2011,151
strategy,shinomegami,2011,0
strategy,shinomegami,2011,0
strategy,shinomegami,2011,0
strategy,shinomegami,2011,0
strategy,shinomegami,2002,0
strategy,shinomegami,2011,1088
strategy,shinomegami,2001,0
strategy,shinomegami,2003,0
strategy,shinomegami,2005,0
strategy,shinomegami,2006,0
strategy,shinomegami,2008,0
strategy,shinomegami,2011,603
strategy,shinomegami,2011,0
strategy,shinomegami,2011,0
strategy,shinomegami,2006,137
strategy,shinomegami,2006,0
strategy,shinomegami,2012,134
strategy,shinomegami,2012,0
strategy,shinomegami,2012,0
strategy,shinomegami,2013,1
strategy,shinomegami,2012,0
strategy,shinomegami,2012,915
strategy,shinomegami,2012,878
strategy,shinomegami,2007,0
strategy,shinomegami,2013,128
strategy,shinomegami,2012,0
strategy,shinomegami,2012,2195
strategy,shinomegami,2012,2
strategy,shinomegami,2012,145
strategy,shinomegami,2012,0
strategy,shinomegami,2012,219
strategy,shinomegami,2009,0
strategy,shinomegami,2015,202
strategy,shinomegami,2012,277
strategy,shinomegami,2012,0
strategy,shinomegami,2012,193
strategy,shinomegami,2011,0
strategy,shinomegami,2012,0
strategy,shinomegami,2012,379
strategy,shinomegami,1999,14
strategy,shinomegami,2012,1451
strategy,shinomegami,2012,563
strategy,shinomegami,2011,1384
strategy,shinomegami,2012,0
strategy,shinomegami,2009,875
strategy,shinomegami,2012,3735
strategy,shinomegami,2012,0
strategy,shinomegami,2012,133
strategy,shinomegami,2012,1576
strategy,shinomegami,2012,64289
strategy,shinomegami,2012,118
strategy,shinomegami,2011,0
strategy,shinomegami,2009,2042
strategy,shinomegami,2009,0
strategy,shinomegami,2010,1
strategy,shinomegami,2012,0
strategy,shinomegami,2012,71
strategy,shinomegami,2012,91
strategy,shinomegami,2014,629
strategy,shinomegami,2004,696
strategy,shinomegami,2006,0
strategy,shinomegami,2009,0
strategy,shinomegami,2009,0
strategy,shinomegami,2010,2194
strategy,shinomegami,2010,0
strategy,shinomegami,2013,0
strategy,shinomegami,2006,2
strategy,shinomegami,2013,112
strategy,shinomegami,2012,2176
strategy,shinomegami,2012,0
strategy,shinomegami,2013,56
strategy,shinomegami,2013,70
strategy,shinomegami,2008,0
strategy,shinomegami,2013,0
strategy,shinomegami,2013,93
strategy,shinomegami,2012,1934
strategy,shinomegami,2013,0
strategy,shinomegami,2011,0
strategy,shinomegami,2011,63878
strategy,shinomegami,2012,0
strategy,shinomegami,2011,0
strategy,shinomegami,2012,0
strategy,shinomegami,2014,0
strategy,shinomegami,2015,2
strategy,shinomegami,2012,0
strategy,shinomegami,2012,472
strategy,shinomegami,2013,0
strategy,shinomegami,2014,0
strategy,shinomegami,2014,0
strategy,shinomegami,2013,1161
strategy,shinomegami,2016,1321
strategy,shinomegami,2013,0
strategy,shinomegami,2013,0
strategy,shinomegami,2014,0
strategy,shinomegami,2006,0
strategy,shinomegami,2014,0
strategy,shinomegami,2013,4690
strategy,shinomegami,2013,579
strategy,shinomegami,2013,2273
strategy,shinomegami,2013,705
strategy,shinomegami,2013,6509
strategy,shinomegami,2013,787
strategy,shinomegami,2013,0
strategy,shinomegami,2001,0
strategy,shinomegami,2013,224
strategy,shinomegami,2016,181
strategy,shinomegami,2013,159
strategy,shinomegami,2013,585
strategy,shinomegami,2015,147
strategy,shinomegami,2013,190
strategy,shinomegami,2009,1810
strategy,shinomegami,2010,0
strategy,shinomegami,2013,228
strategy,shinomegami,2013,1230
strategy,shinomegami,2013,411
strategy,shinomegami,2013,76
strategy,shinomegami,2013,0
strategy,shinomegami,2013,71
strategy,shinomegami,2013,144
strategy,shinomegami,2011,471
strategy,shinomegami,2009,2426
strategy,shinomegami,2013,445
strategy,shinomegami,2013,260
strategy,shinomegami,2013,178
strategy,shinomegami,2013,0
strategy,shinomegami,2014,76
strategy,shinomegami,2012,2545
strategy,shinomegami,2016,0
strategy,shinomegami,2014,424
strategy,shinomegami,2013,2
strategy,shinomegami,2016,57
strategy,shinomegami,2007,234
strategy,shinomegami,2013,50
strategy,shinomegami,1999,0
strategy,shinomegami,2003,0
strategy,shinomegami,2013,0
strategy,shinomegami,2010,0
strategy,shinomegami,2013,73
strategy,shinomegami,2010,0
strategy,shinomegami,2012,0
strategy,shinomegami,2013,0
strategy,shinomegami,2013,53533
strategy,shinomegami,2015,398
strategy,shinomegami,2013,0
strategy,shinomegami,2013,294
strategy,shinomegami,2013,162
strategy,shinomegami,2013,99
strategy,shinomegami,2013,279
strategy,shinomegami,2007,0
strategy,shinomegami,2011,268
strategy,shinomegami,2006,0
strategy,shinomegami,2013,148
strategy,shinomegami,2014,170
strategy,shinomegami,2013,874
strategy,shinomegami,2007,0
strategy,shinomegami,2008,0
strategy,shinomegami,2012,71
strategy,shinomegami,2013,498
strategy,shinomegami,2014,0
strategy,shinomegami,2002,2434
strategy,shinomegami,2012,223
strategy,shinomegami,2015,152
strategy,shinomegami,2004,0
strategy,shinomegami,2010,0
strategy,shinomegami,2014,1426
strategy,shinomegami,2014,304
strategy,shinomegami,2013,0
strategy,shinomegami,2014,112
strategy,shinomegami,2001,2
strategy,shinomegami,2014,249
strategy,shinomegami,2015,137
strategy,shinomegami,2014,79
strategy,shinomegami,2014,342
strategy,shinomegami,2014,106
strategy,shinomegami,2001,0
strategy,shinomegami,2003,0
strategy,shinomegami,2013,2313
strategy,shinomegami,2007,1655
strategy,shinomegami,2014,0
strategy,shinomegami,2011,0
strategy,shinomegami,2009,64287
strategy,shinomegami,2014,71
strategy,shinomegami,2014,56
strategy,shinomegami,2014,211
strategy,shinomegami,2010,0
strategy,shinomegami,2014,0
strategy,shinomegami,2005,0
strategy,shinomegami,2003,0
strategy,shinomegami,2014,142
strategy,shinomegami,2011,0
strategy,shinomegami,2014,493
strategy,shinomegami,2014,122
strategy,shinomegami,2015,283
strategy,shinomegami,2014,60928
strategy,shinomegami,2014,1
strategy,shinomegami,2014,83
strategy,shinomegami,2010,0
strategy,shinomegami,2013,67641
strategy,shinomegami,2014,302
strategy,shinomegami,2015,0
strategy,shinomegami,2014,2451
strategy,shinomegami,2014,259
strategy,shinomegami,2004,52
strategy,shinomegami,2013,557
strategy,shinomegami,2014,0
strategy,shinomegami,2008,0
strategy,shinomegami,2014,1274
strategy,shinomegami,2014,0
strategy,shinomegami,2014,0
strategy,shinomegami,2014,0
strategy,shinomegami,2013,101
strategy,shinomegami,2007,0
strategy,shinomegami,2004,76
strategy,shinomegami,2005,0
strategy,shinomegami,2007,66972
strategy,shinomegami,2011,186
strategy,shinomegami,2014,0
strategy,shinomegami,2003,732
strategy,shinomegami,2003,2
strategy,shinomegami,2002,0
strategy,shinomegami,2002,0
strategy,shinomegami,2006,0
strategy,shinomegami,2014,0
strategy,shinomegami,2014,0
strategy,shinomegami,2014,2149
strategy,shinomegami,2015,2
strategy,shinomegami,2014,0
strategy,shinomegami,2014,0
strategy,shinomegami,2011,1345
strategy,shinomegami,2014,0
strategy,shinomegami,2014,0
strategy,shinomegami,2014,933
strategy,shinomegami,2014,0
strategy,shinomegami,2014,109
strategy,shinomegami,2014,109
strategy,shinomegami,2014,0
strategy,shinomegami,2017,0
strategy,shinomegami,2014,278
strategy,shinomegami,2008,0
strategy,shinomegami,2011,0
strategy,shinomegami,2014,2426
strategy,shinomegami,2008,107
strategy,shinomegami,2014,48380
strategy,shinomegami,2014,2043
strategy,shinomegami,2014,0
strategy,shinomegami,2009,0
strategy,shinomegami,2007,0
strategy,shinomegami,2010,0
strategy,shinomegami,2016,1
strategy,shinomegami,2012,130
strategy,shinomegami,2015,136
strategy,shinomegami,2014,0
strategy,shinomegami,2016,0
strategy,shinomegami,2010,1934
strategy,shinomegami,2014,0
strategy,shinomegami,2014,0
strategy,shinomegami,2014,197
strategy,shinomegami,2006,0
strategy,shinomegami,2016,0
strategy,shinomegami,2016,0
strategy,shinomegami,2014,137
strategy,shinomegami,2014,147
strategy,shinomegami,2014,136
strategy,shinomegami,2014,0
strategy,shinomegami,2006,0
strategy,shinomegami,2014,0
strategy,shinomegami,2014,811
strategy,shinomegami,2015,386
strategy,shinomegami,2014,229
strategy,shinomegami,2014,0
strategy,shinomegami,2014,2570
strategy,shinomegami,2015,2297
strategy,shinomegami,2014,167
strategy,shinomegami,2015,0
strategy,shinomegami,2015,0
strategy,shinomegami,2017,0
strategy,shinomegami,2015,0
strategy,shinomegami,2015,0
strategy,shinomegami,2015,154
strategy,shinomegami,2015,0
strategy,shinomegami,2015,0
strategy,shinomegami,2008,249
strategy,shinomegami,2015,0
adventure,REBAS_AS_F-T,2005,2176
adventure,REBAS_AS_F-T,2006,1673
adventure,REBAS_AS_F-T,2006,0
adventure,REBAS_AS_F-T,2000,0
adventure,REBAS_AS_F-T,2004,0
adventure,REBAS_AS_F-T,2006,0
adventure,REBAS_AS_F-T,2007,0
adventure,REBAS_AS_F-T,2007,146
adventure,REBAS_AS_F-T,2016,0
adventure,REBAS_AS_F-T,2007,31
adventure,REBAS_AS_F-T,2007,2
adventure,REBAS_AS_F-T,2008,1212
adventure,REBAS_AS_F-T,1999,0
adventure,REBAS_AS_F-T,1999,224
adventure,REBAS_AS_F-T,1998,1
adventure,REBAS_AS_F-T,2001,0
adventure,REBAS_AS_F-T,2004,1890
adventure,REBAS_AS_F-T,2004,224
adventure,REBAS_AS_F-T,2004,1
adventure,REBAS_AS_F-T,2005,0
adventure,REBAS_AS_F-T,2006,31
adventure,REBAS_AS_F-T,2007,344
adventure,REBAS_AS_F-T,2008,0
adventure,REBAS_AS_F-T,2008,0
adventure,REBAS_AS_F-T,2008,0
adventure,REBAS_AS_F-T,2008,30
adventure,REBAS_AS_F-T,2009,0
adventure,REBAS_AS_F-T,2008,1920
adventure,REBAS_AS_F-T,2009,89
adventure,REBAS_AS_F-T,2009,724
adventure,REBAS_AS_F-T,2009,4
adventure,REBAS_AS_F-T,2009,0
adventure,REBAS_AS_F-T,2009,96
adventure,REBAS_AS_F-T,2009,0
adventure,REBAS_AS_F-T,2007,8145
adventure,REBAS_AS_F-T,2002,0
adventure,REBAS_AS_F-T,2009,86
adventure,REBAS_AS_F-T,2009,1963
adventure,REBAS_AS_F-T,2009,0
adventure,REBAS_AS_F-T,2009,0
adventure,REBAS_AS_F-T,2009,6311
adventure,REBAS_AS_F-T,2009,1840
adventure,REBAS_AS_F-T,2009,0
adventure,REBAS_AS_F-T,2009,6855
adventure,REBAS_AS_F-T,2008,0
adventure,REBAS_AS_F-T,2009,913
adventure,REBAS_AS_F-T,2010,2410
adventure,REBAS_AS_F-T,2009,23
adventure,REBAS_AS_F-T,2009,7611
adventure,REBAS_AS_F-T,2010,8925
adventure,REBAS_AS_F-T,2010,0
adventure,REBAS_AS_F-T,2010,54
adventure,REBAS_AS_F-T,2004,0
adventure,REBAS_AS_F-T,2008,0
adventure,REBAS_AS_F-T,2010,3959
adventure,REBAS_AS_F-T,2016,0
adventure,REBAS_AS_F-T,2010,63
adventure,REBAS_AS_F-T,2010,2064
adventure,REBAS_AS_F-T,2005,3
adventure,REBAS_AS_F-T,2010,0
adventure,REBAS_AS_F-T,2011,1879
adventure,REBAS_AS_F-T,2002,1
adventure,REBAS_AS_F-T,2003,0
adventure,REBAS_AS_F-T,2005,1
adventure,REBAS_AS_F-T,1998,1
adventure,REBAS_AS_F-T,1999,1
adventure,REBAS_AS_F-T,2010,0
adventure,REBAS_AS_F-T,2010,0
adventure,REBAS_AS_F-T,2009,20
adventure,REBAS_AS_F-T,2009,22
adventure,REBAS_AS_F-T,2010,0
adventure,REBAS_AS_F-T,2010,0
adventure,REBAS_AS_F-T,2010,15
adventure,REBAS_AS_F-T,2010,31
adventure,REBAS_AS_F-T,2010,347
adventure,REBAS_AS_F-T,2010,776
adventure,REBAS_AS_F-T,2002,0
adventure,REBAS_AS_F-T,2010,0
adventure,REBAS_AS_F-T,2010,21106
adventure,REBAS_AS_F-T,2010,200
adventure,REBAS_AS_F-T,2010,8237
adventure,REBAS_AS_F-T,2010,27
adventure,REBAS_AS_F-T,2009,101
adventure,REBAS_AS_F-T,2010,5
adventure,REBAS_AS_F-T,2010,23
adventure,REBAS_AS_F-T,2012,0
adventure,REBAS_AS_F-T,2010,1294
adventure,REBAS_AS_F-T,2010,3
adventure,REBAS_AS_F-T,2010,49
adventure,REBAS_AS_F-T,2011,1567
adventure,REBAS_AS_F-T,2011,1483
adventure,REBAS_AS_F-T,2011,1016
adventure,REBAS_AS_F-T,2011,230
adventure,REBAS_AS_F-T,2011,90
adventure,REBAS_AS_F-T,2011,7544
adventure,REBAS_AS_F-T,2011,22
adventure,REBAS_AS_F-T,2011,17
adventure,REBAS_AS_F-T,2011,881
adventure,REBAS_AS_F-T,2011,1914
adventure,REBAS_AS_F-T,2011,994
adventure,REBAS_AS_F-T,2011,1853
adventure,REBAS_AS_F-T,2011,457
adventure,REBAS_AS_F-T,2011,4062
adventure,REBAS_AS_F-T,2011,300
adventure,REBAS_AS_F-T,2011,63
adventure,REBAS_AS_F-T,2011,1659
adventure,REBAS_AS_F-T,2011,343
adventure,REBAS_AS_F-T,2009,2567
adventure,REBAS_AS_F-T,2011,3314
adventure,REBAS_AS_F-T,2011,3868
adventure,REBAS_AS_F-T,2011,2993
adventure,REBAS_AS_F-T,2011,54
adventure,REBAS_AS_F-T,2011,15
adventure,REBAS_AS_F-T,2011,1781
adventure,REBAS_AS_F-T,2011,5005
adventure,REBAS_AS_F-T,2011,5070
adventure,REBAS_AS_F-T,2011,6092
adventure,REBAS_AS_F-T,2011,281
adventure,REBAS_AS_F-T,2011,3073
adventure,REBAS_AS_F-T,2011,99
adventure,REBAS_AS_F-T,2011,7174
adventure,REBAS_AS_F-T,2011,84
adventure,REBAS_AS_F-T,2011,68
adventure,REBAS_AS_F-T,2012,1653
adventure,REBAS_AS_F-T,2009,1012
adventure,REBAS_AS_F-T,2012,1213
adventure,REBAS_AS_F-T,2012,3
adventure,REBAS_AS_F-T,2012,22
adventure,REBAS_AS_F-T,2005,0
adventure,REBAS_AS_F-T,2012,713
adventure,REBAS_AS_F-T,2012,2755
adventure,REBAS_AS_F-T,2012,2475
adventure,REBAS_AS_F-T,2012,3481
adventure,REBAS_AS_F-T,2012,5724
adventure,REBAS_AS_F-T,2012,2273
adventure,REBAS_AS_F-T,2012,806
adventure,REBAS_AS_F-T,2012,4232
adventure,REBAS_AS_F-T,2012,30863
adventure,REBAS_AS_F-T,2012,2870
adventure,REBAS_AS_F-T,2012,3175
adventure,REBAS_AS_F-T,2012,120
adventure,REBAS_AS_F-T,2012,681
adventure,REBAS_AS_F-T,2013,1956
adventure,REBAS_AS_F-T,2012,2442
adventure,REBAS_AS_F-T,1998,0
adventure,REBAS_AS_F-T,2000,0
adventure,REBAS_AS_F-T,2012,173
adventure,REBAS_AS_F-T,2222,7869
adventure,REBAS_AS_F-T,2012,107
adventure,REBAS_AS_F-T,2012,820
adventure,REBAS_AS_F-T,2011,7
adventure,REBAS_AS_F-T,2002,0
adventure,REBAS_AS_F-T,2012,8727
adventure,REBAS_AS_F-T,2012,11283
adventure,REBAS_AS_F-T,2012,961
adventure,REBAS_AS_F-T,2012,2479
adventure,REBAS_AS_F-T,2010,0
adventure,REBAS_AS_F-T,2012,0
adventure,REBAS_AS_F-T,2012,9578
adventure,REBAS_AS_F-T,2011,1096
adventure,REBAS_AS_F-T,2012,2681
adventure,REBAS_AS_F-T,2010,0
adventure,REBAS_AS_F-T,2011,4467
adventure,REBAS_AS_F-T,2012,34
adventure,REBAS_AS_F-T,2012,4466
adventure,REBAS_AS_F-T,2002,0
adventure,REBAS_AS_F-T,2012,22524
adventure,REBAS_AS_F-T,2008,1
adventure,REBAS_AS_F-T,2012,57
adventure,REBAS_AS_F-T,2013,333
adventure,REBAS_AS_F-T,2012,3126
adventure,REBAS_AS_F-T,2012,0
adventure,REBAS_AS_F-T,2012,7161
adventure,REBAS_AS_F-T,2003,1863
adventure,REBAS_AS_F-T,2013,4396
adventure,REBAS_AS_F-T,2012,2394
adventure,REBAS_AS_F-T,2013,3352
adventure,REBAS_AS_F-T,2012,9268
adventure,REBAS_AS_F-T,2012,6640
adventure,REBAS_AS_F-T,2012,23
adventure,REBAS_AS_F-T,2012,0
adventure,REBAS_AS_F-T,2012,0
adventure,REBAS_AS_F-T,2012,0
adventure,REBAS_AS_F-T,2012,0
adventure,REBAS_AS_F-T,2012,0
adventure,REBAS_AS_F-T,2012,0
adventure,REBAS_AS_F-T,2012,3
adventure,REBAS_AS_F-T,2013,170
adventure,REBAS_AS_F-T,2013,835
adventure,REBAS_AS_F-T,2013,337
adventure,REBAS_AS_F-T,2013,1025
adventure,REBAS_AS_F-T,2009,31
adventure,REBAS_AS_F-T,2013,849
adventure,REBAS_AS_F-T,2008,0
adventure,REBAS_AS_F-T,2012,0
adventure,REBAS_AS_F-T,2013,0
adventure,REBAS_AS_F-T,2011,31
adventure,REBAS_AS_F-T,2011,7
adventure,REBAS_AS_F-T,2011,4024
adventure,REBAS_AS_F-T,2012,0
adventure,REBAS_AS_F-T,2013,0
adventure,REBAS_AS_F-T,2011,202
adventure,REBAS_AS_F-T,2011,0
adventure,REBAS_AS_F-T,2012,0
adventure,REBAS_AS_F-T,2011,0
adventure,REBAS_AS_F-T,2015,3560
adventure,REBAS_AS_F-T,2012,0
adventure,REBAS_AS_F-T,2012,0
adventure,REBAS_AS_F-T,2014,8788
adventure,REBAS_AS_F-T,2013,0
adventure,REBAS_AS_F-T,2013,37
adventure,REBAS_AS_F-T,2012,0
adventure,REBAS_AS_F-T,2012,0
adventure,REBAS_AS_F-T,2013,0
adventure,REBAS_AS_F-T,2012,0
adventure,REBAS_AS_F-T,2013,0
adventure,REBAS_AS_F-T,2013,0
adventure,REBAS_AS_F-T,2014,0
adventure,REBAS_AS_F-T,2014,0
adventure,REBAS_AS_F-T,2012,0
adventure,REBAS_AS_F-T,2015,0
adventure,REBAS_AS_F-T,2013,0
adventure,REBAS_AS_F-T,2013,0
adventure,REBAS_AS_F-T,2013,0
adventure,REBAS_AS_F-T,2014,223
adventure,REBAS_AS_F-T,2015,5930
adventure,REBAS_AS_F-T,2013,0
adventure,REBAS_AS_F-T,2013,0
adventure,REBAS_AS_F-T,2014,0
adventure,REBAS_AS_F-T,2014,0
adventure,REBAS_AS_F-T,2014,0
adventure,REBAS_AS_F-T,2012,0
adventure,REBAS_AS_F-T,2014,0
adventure,REBAS_AS_F-T,2012,4000
adventure,REBAS_AS_F-T,2011,0
adventure,REBAS_AS_F-T,2014,0
adventure,REBAS_AS_F-T,2014,0
adventure,REBAS_AS_F-T,2014,0
adventure,REBAS_AS_F-T,2007,1070
adventure,REBAS_AS_F-T,2013,8256
adventure,REBAS_AS_F-T,2013,10560
adventure,REBAS_AS_F-T,2013,3195
adventure,REBAS_AS_F-T,2012,1
adventure,REBAS_AS_F-T,2007,161
adventure,REBAS_AS_F-T,2013,1647
adventure,REBAS_AS_F-T,2013,1626
adventure,REBAS_AS_F-T,2013,1999
adventure,REBAS_AS_F-T,2013,5703
adventure,REBAS_AS_F-T,2013,3621
adventure,REBAS_AS_F-T,2013,2479
adventure,REBAS_AS_F-T,2013,5919
adventure,REBAS_AS_F-T,2013,2319
adventure,REBAS_AS_F-T,2013,2016
adventure,REBAS_AS_F-T,2013,2348
adventure,REBAS_AS_F-T,2014,2702
adventure,REBAS_AS_F-T,2013,1320
adventure,REBAS_AS_F-T,2013,365
adventure,REBAS_AS_F-T,2014,451
adventure,REBAS_AS_F-T,2012,0
adventure,REBAS_AS_F-T,2013,173
adventure,REBAS_AS_F-T,2013,4239
adventure,REBAS_AS_F-T,2013,3534
adventure,REBAS_AS_F-T,2013,1
adventure,REBAS_AS_F-T,2013,4982
adventure,REBAS_AS_F-T,2014,5214
adventure,REBAS_AS_F-T,2013,6370
adventure,REBAS_AS_F-T,2013,5747
adventure,REBAS_AS_F-T,2013,1
adventure,REBAS_AS_F-T,2013,1148
adventure,REBAS_AS_F-T,2013,0
adventure,REBAS_AS_F-T,2014,216
adventure,REBAS_AS_F-T,2017,327
adventure,REBAS_AS_F-T,2013,4318
adventure,REBAS_AS_F-T,2014,1563
adventure,REBAS_AS_F-T,2014,317
adventure,REBAS_AS_F-T,2016,8624
adventure,REBAS_AS_F-T,2015,679
adventure,REBAS_AS_F-T,2011,3235
adventure,REBAS_AS_F-T,2013,1245
adventure,REBAS_AS_F-T,2013,1197
adventure,REBAS_AS_F-T,2016,0
adventure,REBAS_AS_F-T,2012,0
adventure,REBAS_AS_F-T,2003,0
adventure,REBAS_AS_F-T,2013,2459
adventure,REBAS_AS_F-T,2013,6429
adventure,REBAS_AS_F-T,2013,5589
adventure,REBAS_AS_F-T,2014,4223
adventure,REBAS_AS_F-T,2012,1023
adventure,REBAS_AS_F-T,2013,5106
adventure,REBAS_AS_F-T,2013,2495
adventure,REBAS_AS_F-T,2013,132
adventure,REBAS_AS_F-T,2014,0
adventure,REBAS_AS_F-T,2014,31
adventure,REBAS_AS_F-T,2009,0
adventure,REBAS_AS_F-T,2007,0
adventure,REBAS_AS_F-T,2013,10275
adventure,REBAS_AS_F-T,2014,4126
adventure,REBAS_AS_F-T,2013,2215
adventure,REBAS_AS_F-T,2014,945
adventure,REBAS_AS_F-T,2013,13982
adventure,REBAS_AS_F-T,2012,10600
adventure,REBAS_AS_F-T,2014,2641
adventure,REBAS_AS_F-T,2014,1146
adventure,REBAS_AS_F-T,2013,314
adventure,REBAS_AS_F-T,2009,7255
adventure,REBAS_AS_F-T,2012,2305
adventure,REBAS_AS_F-T,2014,742
adventure,REBAS_AS_F-T,2014,2385
adventure,REBAS_AS_F-T,2014,2543
adventure,REBAS_AS_F-T,2013,2195
adventure,REBAS_AS_F-T,2013,3210
adventure,REBAS_AS_F-T,2014,974
adventure,REBAS_AS_F-T,2015,1878
adventure,REBAS_AS_F-T,2014,373
adventure,REBAS_AS_F-T,2014,1505
adventure,REBAS_AS_F-T,2013,53
adventure,REBAS_AS_F-T,2014,890
adventure,REBAS_AS_F-T,2015,507
adventure,REBAS_AS_F-T,2012,1216
adventure,REBAS_AS_F-T,2014,183
adventure,REBAS_AS_F-T,2016,7943
adventure,REBAS_AS_F-T,2013,1168
adventure,REBAS_AS_F-T,2014,1843
adventure,REBAS_AS_F-T,2014,2734
adventure,REBAS_AS_F-T,2014,2345
adventure,REBAS_AS_F-T,2014,1577
adventure,REBAS_AS_F-T,2014,3092
adventure,REBAS_AS_F-T,2014,4472
adventure,REBAS_AS_F-T,2014,0
adventure,REBAS_AS_F-T,2013,1648
adventure,REBAS_AS_F-T,2014,1663
adventure,REBAS_AS_F-T,2014,0
adventure,REBAS_AS_F-T,2006,0
adventure,REBAS_AS_F-T,2014,12940
adventure,REBAS_AS_F-T,2012,1572
adventure,REBAS_AS_F-T,2014,1676
adventure,REBAS_AS_F-T,2014,3295
adventure,REBAS_AS_F-T,2014,3039
adventure,REBAS_AS_F-T,2014,3438
adventure,REBAS_AS_F-T,2014,2824
adventure,REBAS_AS_F-T,2012,1
adventure,REBAS_AS_F-T,2014,858
adventure,REBAS_AS_F-T,2014,1238
adventure,REBAS_AS_F-T,2015,1271
adventure,REBAS_AS_F-T,2014,0
adventure,REBAS_AS_F-T,2014,0
adventure,REBAS_AS_F-T,2014,1168
adventure,REBAS_AS_F-T,2014,1215
adventure,REBAS_AS_F-T,2010,187
adventure,REBAS_AS_F-T,2013,215
adventure,REBAS_AS_F-T,2014,1888
adventure,REBAS_AS_F-T,2014,7417
adventure,REBAS_AS_F-T,2014,2521
adventure,REBAS_AS_F-T,2015,264
adventure,REBAS_AS_F-T,2005,1113
adventure,REBAS_AS_F-T,2016,0
adventure,REBAS_AS_F-T,2014,1825
adventure,REBAS_AS_F-T,2014,3327
adventure,REBAS_AS_F-T,2014,1060
adventure,REBAS_AS_F-T,2014,700
adventure,REBAS_AS_F-T,2014,720
adventure,REBAS_AS_F-T,2014,4466
adventure,REBAS_AS_F-T,2014,6185
adventure,REBAS_AS_F-T,2015,272
adventure,REBAS_AS_F-T,2014,6398
adventure,REBAS_AS_F-T,2014,975
adventure,REBAS_AS_F-T,2014,122
adventure,REBAS_AS_F-T,2014,1046
adventure,REBAS_AS_F-T,2015,405
adventure,REBAS_AS_F-T,2014,129
adventure,REBAS_AS_F-T,2015,285
adventure,REBAS_AS_F-T,2016,0
adventure,REBAS_AS_F-T,2013,428
adventure,REBAS_AS_F-T,2013,806
adventure,REBAS_AS_F-T,2012,858
adventure,REBAS_AS_F-T,2012,2631
adventure,REBAS_AS_F-T,2013,966
adventure,REBAS_AS_F-T,2013,2484
adventure,REBAS_AS_F-T,2014,2311
adventure,REBAS_AS_F-T,2013,988
adventure,REBAS_AS_F-T,2014,2076
adventure,REBAS_AS_F-T,2013,4138
adventure,REBAS_AS_F-T,2013,1461
adventure,REBAS_AS_F-T,2014,3
adventure,REBAS_AS_F-T,2013,9151
adventure,REBAS_AS_F-T,2014,13
adventure,REBAS_AS_F-T,2013,0
adventure,REBAS_AS_F-T,2014,1097
adventure,REBAS_AS_F-T,2014,1846
adventure,REBAS_AS_F-T,2015,501
adventure,REBAS_AS_F-T,2014,0
adventure,REBAS_AS_F-T,2014,1604
adventure,REBAS_AS_F-T,2016,1763
adventure,REBAS_AS_F-T,2014,3485
adventure,REBAS_AS_F-T,2014,0
adventure,REBAS_AS_F-T,2014,0
adventure,REBAS_AS_F-T,2014,0
adventure,REBAS_AS_F-T,2014,3776
adventure,REBAS_AS_F-T,2014,0
adventure,REBAS_AS_F-T,2015,1413
adventure,REBAS_AS_F-T,2015,0
adventure,REBAS_AS_F-T,2014,56
adventure,REBAS_AS_F-T,2014,0
adventure,REBAS_AS_F-T,2015,0
adventure,REBAS_AS_F-T,2014,0
adventure,REBAS_AS_F-T,2014,701
adventure,REBAS_AS_F-T,2014,701
adventure,REBAS_AS_F-T,2014,701
adventure,REBAS_AS_F-T,2014,2077
adventure,REBAS_AS_F-T,2014,1042
adventure,REBAS_AS_F-T,2014,1
adventure,REBAS_AS_F-T,2014,618
adventure,REBAS_AS_F-T,2014,564
adventure,REBAS_AS_F-T,2014,1788
adventure,REBAS_AS_F-T,2014,1788
adventure,REBAS_AS_F-T,2014,935
adventure,REBAS_AS_F-T,2014,926
adventure,REBAS_AS_F-T,2010,6427
adventure,REBAS_AS_F-T,2017,0
adventure,REBAS_AS_F-T,2015,1745
adventure,REBAS_AS_F-T,2003,0
adventure,REBAS_AS_F-T,2014,699
adventure,REBAS_AS_F-T,2016,8802
adventure,REBAS_AS_F-T,2016,7285
adventure,REBAS_AS_F-T,2014,1728
adventure,REBAS_AS_F-T,2015,0
adventure,REBAS_AS_F-T,2015,0
adventure,REBAS_AS_F-T,2017,58
adventure,REBAS_AS_F-T,2014,0
adventure,REBAS_AS_F-T,2014,1091
adventure,REBAS_AS_F-T,2014,2216
adventure,REBAS_AS_F-T,2014,0
adventure,REBAS_AS_F-T,2014,0
adventure,REBAS_AS_F-T,2014,4693
adventure,REBAS_AS_F-T,2014,0
adventure,REBAS_AS_F-T,2014,1827
adventure,REBAS_AS_F-T,2014,2815
adventure,REBAS_AS_F-T,2015,2585
adventure,REBAS_AS_F-T,2016,0
adventure,REBAS_AS_F-T,2015,1689
adventure,REBAS_AS_F-T,2010,36
adventure,REBAS_AS_F-T,2014,821
adventure,REBAS_AS_F-T,2011,14571
adventure,REBAS_AS_F-T,2015,595
adventure,REBAS_AS_F-T,2015,2477
adventure,REBAS_AS_F-T,2014,1
adventure,REBAS_AS_F-T,2014,10
adventure,REBAS_AS_F-T,2014,3292
adventure,REBAS_AS_F-T,2014,0
adventure,REBAS_AS_F-T,2015,309
adventure,REBAS_AS_F-T,2015,238
adventure,REBAS_AS_F-T,2014,0
adventure,REBAS_AS_F-T,2013,6829
adventure,REBAS_AS_F-T,2009,0
adventure,REBAS_AS_F-T,2013,24771
adventure,REBAS_AS_F-T,2016,0
adventure,REBAS_AS_F-T,2015,1535
adventure,REBAS_AS_F-T,2014,869
adventure,REBAS_AS_F-T,2009,6692
adventure,REBAS_AS_F-T,2014,0
adventure,REBAS_AS_F-T,2008,1241
adventure,REBAS_AS_F-T,2009,2146
adventure,REBAS_AS_F-T,2012,2649
adventure,REBAS_AS_F-T,2005,0
adventure,REBAS_AS_F-T,2014,1057
adventure,REBAS_AS_F-T,2015,6160
adventure,REBAS_AS_F-T,2014,57
adventure,REBAS_AS_F-T,2014,2135
adventure,REBAS_AS_F-T,2014,1913
adventure,REBAS_AS_F-T,2015,863
adventure,REBAS_AS_F-T,2013,9644
adventure,REBAS_AS_F-T,2014,0
adventure,REBAS_AS_F-T,2015,0
adventure,REBAS_AS_F-T,2014,0
adventure,REBAS_AS_F-T,2014,0
adventure,REBAS_AS_F-T,2014,0
adventure,REBAS_AS_F-T,2014,964
adventure,REBAS_AS_F-T,2016,2796
adventure,REBAS_AS_F-T,2014,3449
adventure,REBAS_AS_F-T,2015,1962
adventure,REBAS_AS_F-T,2014,4982
adventure,REBAS_AS_F-T,2014,4502
adventure,REBAS_AS_F-T,2015,1306
adventure,REBAS_AS_F-T,2014,6135
adventure,REBAS_AS_F-T,2013,264
adventure,REBAS_AS_F-T,2015,4226
adventure,REBAS_AS_F-T,2015,218
adventure,REBAS_AS_F-T,2014,352
adventure,REBAS_AS_F-T,2015,4720
adventure,REBAS_AS_F-T,2013,2031
adventure,REBAS_AS_F-T,2015,1042
adventure,REBAS_AS_F-T,2017,2262
adventure,REBAS_AS_F-T,2014,3504
adventure,REBAS_AS_F-T,2014,126
adventure,REBAS_AS_F-T,2015,125
adventure,REBAS_AS_F-T,2015,3392
adventure,REBAS_AS_F-T,2015,1288
adventure,REBAS_AS_F-T,2014,30897
adventure,REBAS_AS_F-T,2014,3543
adventure,REBAS_AS_F-T,2014,5624
adventure,REBAS_AS_F-T,2014,16
adventure,REBAS_AS_F-T,2015,31237
adventure,REBAS_AS_F-T,2014,1666
adventure,REBAS_AS_F-T,2014,681
adventure,REBAS_AS_F-T,2016,874
adventure,REBAS_AS_F-T,2012,9432
adventure,REBAS_AS_F-T,2014,881
adventure,REBAS_AS_F-T,2016,1741
adventure,REBAS_AS_F-T,2013,41884
adventure,REBAS_AS_F-T,2014,0
adventure,REBAS_AS_F-T,2012,4647
adventure,REBAS_AS_F-T,2013,0
adventure,REBAS_AS_F-T,2011,1
adventure,REBAS_AS_F-T,2011,45
adventure,REBAS_AS_F-T,2007,0
adventure,REBAS_AS_F-T,2011,0
adventure,REBAS_AS_F-T,2010,0
adventure,REBAS_AS_F-T,2010,0
adventure,REBAS_AS_F-T,2011,0
adventure,REBAS_AS_F-T,2010,0
adventure,REBAS_AS_F-T,2009,1542
adventure,REBAS_AS_F-T,2003,0
adventure,REBAS_AS_F-T,2015,0
adventure,REBAS_AS_F-T,2014,3151
adventure,REBAS_AS_F-T,2014,3
adventure,REBAS_AS_F-T,2014,2294
adventure,REBAS_AS_F-T,2014,170
adventure,REBAS_AS_F-T,2014,0
adventure,REBAS_AS_F-T,2014,0
adventure,REBAS_AS_F-T,2015,535
adventure,REBAS_AS_F-T,2015,1178
adventure,REBAS_AS_F-T,2014,1965
adventure,REBAS_AS_F-T,2014,0
adventure,REBAS_AS_F-T,2014,624
adventure,REBAS_AS_F-T,2014,1683
adventure,REBAS_AS_F-T,2015,1505
adventure,REBAS_AS_F-T,2014,0
adventure,REBAS_AS_F-T,2015,6
adventure,REBAS_AS_F-T,2015,2783
adventure,REBAS_AS_F-T,2015,4763
adventure,REBAS_AS_F-T,2012,6493
adventure,REBAS_AS_F-T,2014,6377
adventure,REBAS_AS_F-T,2015,1119
adventure,REBAS_AS_F-T,2015,21758
adventure,REBAS_AS_F-T,2014,1187
adventure,REBAS_AS_F-T,2014,2855
adventure,REBAS_AS_F-T,2015,256
adventure,REBAS_AS_F-T,2015,8767
adventure,REBAS_AS_F-T,2015,3382
adventure,REBAS_AS_F-T,2015,0
adventure,REBAS_AS_F-T,2012,0
adventure,REBAS_AS_F-T,2011,6942
adventure,REBAS_AS_F-T,2011,7244
adventure,REBAS_AS_F-T,2015,0
adventure,REBAS_AS_F-T,2015,3
adventure,REBAS_AS_F-T,2014,0
adventure,REBAS_AS_F-T,2014,104
adventure,REBAS_AS_F-T,2015,518
adventure,REBAS_AS_F-T,2011,6464
adventure,REBAS_AS_F-T,2016,0
adventure,REBAS_AS_F-T,2014,12843
adventure,REBAS_AS_F-T,2015,2361
adventure,REBAS_AS_F-T,2015,0
adventure,REBAS_AS_F-T,2014,0
adventure,REBAS_AS_F-T,2015,2797
adventure,REBAS_AS_F-T,2015,2366
adventure,REBAS_AS_F-T,2015,1453
adventure,REBAS_AS_F-T,2015,0
adventure,REBAS_AS_F-T,2015,43
adventure,REBAS_AS_F-T,2015,1210
adventure,REBAS_AS_F-T,2015,0
adventure,REBAS_AS_F-T,2015,985
adventure,REBAS_AS_F-T,2015,242
adventure,REBAS_AS_F-T,2015,1883
adventure,REBAS_AS_F-T,2012,716
adventure,REBAS_AS_F-T,2015,6151
adventure,REBAS_AS_F-T,2008,109
adventure,REBAS_AS_F-T,2015,0
adventure,REBAS_AS_F-T,2013,1627
adventure,REBAS_AS_F-T,2015,0
adventure,REBAS_AS_F-T,2015,746
adventure,REBAS_AS_F-T,2015,10604
adventure,REBAS_AS_F-T,2015,14108
adventure,REBAS_AS_F-T,2015,1528
adventure,REBAS_AS_F-T,2015,0
adventure,REBAS_AS_F-T,2015,11462
adventure,REBAS_AS_F-T,2016,9487
adventure,REBAS_AS_F-T,2017,55
adventure,REBAS_AS_F-T,2017,0
adventure,REBAS_AS_F-T,2014,0
adventure,REBAS_AS_F-T,2012,0
adventure,REBAS_AS_F-T,2016,0
adventure,REBAS_AS_F-T,2015,3945
adventure,REBAS_AS_F-T,2015,1315
adventure,REBAS_AS_F-T,2015,3291
adventure,REBAS_AS_F-T,2015,3658
adventure,REBAS_AS_F-T,2015,1813
adventure,REBAS_AS_F-T,2015,30979
adventure,REBAS_AS_F-T,2015,636
adventure,REBAS_AS_F-T,2015,4491
adventure,REBAS_AS_F-T,2015,6470
adventure,REBAS_AS_F-T,2014,242
adventure,REBAS_AS_F-T,2015,31139
adventure,REBAS_AS_F-T,2015,7393
adventure,REBAS_AS_F-T,2015,0
adventure,REBAS_AS_F-T,2015,33
adventure,REBAS_AS_F-T,2015,0
adventure,REBAS_AS_F-T,2015,4855
adventure,REBAS_AS_F-T,2015,0
adventure,REBAS_AS_F-T,2015,410
adventure,REBAS_AS_F-T,2015,6431
adventure,REBAS_AS_F-T,2013,7604
adventure,REBAS_AS_F-T,2015,31303
adventure,REBAS_AS_F-T,2016,53
adventure,REBAS_AS_F-T,2015,1548
adventure,REBAS_AS_F-T,2015,477
adventure,REBAS_AS_F-T,2016,1692
adventure,REBAS_AS_F-T,2015,0
adventure,REBAS_AS_F-T,2013,0
adventure,REBAS_AS_F-T,2015,3
adventure,REBAS_AS_F-T,2012,3316
adventure,REBAS_AS_F-T,2015,0
adventure,REBAS_AS_F-T,2015,4301
adventure,REBAS_AS_F-T,2017,0
adventure,REBAS_AS_F-T,2015,0
adventure,REBAS_AS_F-T,2015,6130
adventure,REBAS_AS_F-T,2015,0
adventure,REBAS_AS_F-T,2015,308
adventure,REBAS_AS_F-T,2015,0
adventure,REBAS_AS_F-T,2015,564
adventure,REBAS_AS_F-T,2015,7403
adventure,REBAS_AS_F-T,2012,3995
adventure,REBAS_AS_F-T,2013,3608
adventure,REBAS_AS_F-T,2014,4055
adventure,REBAS_AS_F-T,2015,0
adventure,REBAS_AS_F-T,2014,346
adventure,REBAS_AS_F-T,2015,9176
adventure,REBAS_AS_F-T,2015,3619
adventure,REBAS_AS_F-T,2016,1598
adventure,REBAS_AS_F-T,2015,230
adventure,REBAS_AS_F-T,2015,1472
adventure,REBAS_AS_F-T,2016,11319
adventure,REBAS_AS_F-T,2015,7764
adventure,REBAS_AS_F-T,2016,1175
adventure,REBAS_AS_F-T,2016,859
adventure,REBAS_AS_F-T,2015,2322
adventure,REBAS_AS_F-T,2016,2281
adventure,REBAS_AS_F-T,2015,1168
adventure,REBAS_AS_F-T,2015,1098
adventure,REBAS_AS_F-T,2015,1563
adventure,REBAS_AS_F-T,2016,721
adventure,REBAS_AS_F-T,2013,7075
adventure,REBAS_AS_F-T,2015,467
adventure,REBAS_AS_F-T,2015,25567
adventure,REBAS_AS_F-T,2015,0
adventure,REBAS_AS_F-T,2015,0
adventure,REBAS_AS_F-T,2014,7125
adventure,REBAS_AS_F-T,2016,0
adventure,REBAS_AS_F-T,2015,31211
adventure,REBAS_AS_F-T,2016,6150
adventure,REBAS_AS_F-T,2015,0
adventure,REBAS_AS_F-T,2014,0
adventure,REBAS_AS_F-T,2015,2741
adventure,REBAS_AS_F-T,2016,6283
adventure,REBAS_AS_F-T,2012,6622
adventure,REBAS_AS_F-T,2015,2359
adventure,REBAS_AS_F-T,2015,4658
adventure,REBAS_AS_F-T,2015,6255
adventure,REBAS_AS_F-T,2015,4911
adventure,REBAS_AS_F-T,2015,4120
adventure,REBAS_AS_F-T,2016,6924
adventure,REBAS_AS_F-T,2015,0
adventure,REBAS_AS_F-T,2015,9
adventure,REBAS_AS_F-T,2015,233
adventure,REBAS_AS_F-T,2015,6447
adventure,REBAS_AS_F-T,2015,0
adventure,REBAS_AS_F-T,2015,1215
adventure,REBAS_AS_F-T,2017,0
adventure,REBAS_AS_F-T,2016,56
adventure,REBAS_AS_F-T,2015,0
adventure,REBAS_AS_F-T,2016,570
adventure,REBAS_AS_F-T,2015,8299
adventure,REBAS_AS_F-T,2016,7613
adventure,REBAS_AS_F-T,2015,6065
adventure,REBAS_AS_F-T,2014,701
adventure,REBAS_AS_F-T,2015,4341
adventure,REBAS_AS_F-T,2015,31261
adventure,REBAS_AS_F-T,2014,0
adventure,REBAS_AS_F-T,2015,3765
adventure,REBAS_AS_F-T,2015,111
adventure,REBAS_AS_F-T,2016,2252
adventure,REBAS_AS_F-T,2015,3737
adventure,REBAS_AS_F-T,2015,2390
adventure,REBAS_AS_F-T,2015,2231
adventure,REBAS_AS_F-T,2015,0
adventure,REBAS_AS_F-T,2016,689
adventure,REBAS_AS_F-T,2015,0
adventure,REBAS_AS_F-T,2016,2739
adventure,REBAS_AS_F-T,2016,1451
adventure,REBAS_AS_F-T,2007,0
adventure,REBAS_AS_F-T,2016,5976
adventure,REBAS_AS_F-T,2015,8186
adventure,REBAS_AS_F-T,2015,1
adventure,REBAS_AS_F-T,2015,1788
adventure,REBAS_AS_F-T,2015,1979
adventure,REBAS_AS_F-T,2015,0
adventure,REBAS_AS_F-T,2016,1244
adventure,REBAS_AS_F-T,2015,0
adventure,REBAS_AS_F-T,2015,30
adventure,REBAS_AS_F-T,2015,31107
adventure,REBAS_AS_F-T,2016,2301
adventure,REBAS_AS_F-T,2017,697
adventure,REBAS_AS_F-T,2015,0
adventure,REBAS_AS_F-T,2015,1
adventure,REBAS_AS_F-T,2015,1786
adventure,REBAS_AS_F-T,2015,1572
adventure,REBAS_AS_F-T,2016,0
adventure,REBAS_AS_F-T,2015,306
adventure,REBAS_AS_F-T,2015,2381
adventure,REBAS_AS_F-T,2015,2947
adventure,REBAS_AS_F-T,2015,1894
adventure,REBAS_AS_F-T,2015,37
adventure,REBAS_AS_F-T,2015,0
adventure,REBAS_AS_F-T,2016,6446
adventure,REBAS_AS_F-T,2015,1514
adventure,REBAS_AS_F-T,2014,0
adventure,REBAS_AS_F-T,2015,0
adventure,REBAS_AS_F-T,2016,0
adventure,REBAS_AS_F-T,2016,0
adventure,REBAS_AS_F-T,2015,1480
adventure,REBAS_AS_F-T,2016,4650
adventure,REBAS_AS_F-T,2015,1328
adventure,REBAS_AS_F-T,2015,1277
adventure,REBAS_AS_F-T,2015,1
adventure,REBAS_AS_F-T,2015,1511
adventure,REBAS_AS_F-T,2016,0
adventure,REBAS_AS_F-T,2015,28
adventure,REBAS_AS_F-T,2015,2629
adventure,REBAS_AS_F-T,2016,626
adventure,REBAS_AS_F-T,2015,3968
adventure,REBAS_AS_F-T,2015,1
adventure,REBAS_AS_F-T,2015,752
adventure,REBAS_AS_F-T,2015,6451
adventure,REBAS_AS_F-T,2016,10153
adventure,REBAS_AS_F-T,2015,31317
adventure,REBAS_AS_F-T,2015,1620
adventure,REBAS_AS_F-T,2015,1318
adventure,REBAS_AS_F-T,2015,1
adventure,REBAS_AS_F-T,2016,2749
adventure,REBAS_AS_F-T,2016,6733
adventure,REBAS_AS_F-T,2013,372
adventure,REBAS_AS_F-T,2016,0
adventure,REBAS_AS_F-T,2015,0
adventure,REBAS_AS_F-T,2015,703
adventure,REBAS_AS_F-T,2015,0
adventure,REBAS_AS_F-T,2015,3656
adventure,REBAS_AS_F-T,2015,1462
adventure,REBAS_AS_F-T,2010,463
adventure,REBAS_AS_F-T,2015,824
adventure,REBAS_AS_F-T,2016,8581
adventure,REBAS_AS_F-T,2015,921
adventure,REBAS_AS_F-T,2014,2486
adventure,REBAS_AS_F-T,2015,0
adventure,REBAS_AS_F-T,2016,3199
adventure,REBAS_AS_F-T,2016,30869
adventure,REBAS_AS_F-T,2015,227
adventure,REBAS_AS_F-T,2015,0
adventure,REBAS_AS_F-T,2015,2678
adventure,REBAS_AS_F-T,2015,0
adventure,REBAS_AS_F-T,2015,24
adventure,REBAS_AS_F-T,2015,4859
adventure,REBAS_AS_F-T,2016,12404
adventure,REBAS_AS_F-T,2015,762
adventure,REBAS_AS_F-T,2015,573
adventure,REBAS_AS_F-T,2015,1452
adventure,REBAS_AS_F-T,2016,6073
adventure,REBAS_AS_F-T,2017,24
adventure,REBAS_AS_F-T,2014,0
adventure,REBAS_AS_F-T,2016,7648
adventure,REBAS_AS_F-T,2015,6887
adventure,REBAS_AS_F-T,2015,5
adventure,REBAS_AS_F-T,2015,449
adventure,REBAS_AS_F-T,2016,226
adventure,REBAS_AS_F-T,2017,0
adventure,REBAS_AS_F-T,2015,3129
adventure,REBAS_AS_F-T,2015,0
adventure,REBAS_AS_F-T,2015,31297
adventure,REBAS_AS_F-T,2015,7
adventure,REBAS_AS_F-T,2015,0
adventure,REBAS_AS_F-T,2015,0
adventure,REBAS_AS_F-T,2015,0
adventure,REBAS_AS_F-T,2015,0
adventure,REBAS_AS_F-T,2016,1
adventure,REBAS_AS_F-T,2015,395
adventure,REBAS_AS_F-T,2015,0
adventure,REBAS_AS_F-T,2015,467
adventure,REBAS_AS_F-T,2016,7968
adventure,REBAS_AS_F-T,2015,1104
adventure,REBAS_AS_F-T,2017,7928
adventure,REBAS_AS_F-T,2015,0
adventure,REBAS_AS_F-T,2016,11340
adventure,REBAS_AS_F-T,2016,1391
adventure,REBAS_AS_F-T,2015,495
adventure,REBAS_AS_F-T,2015,0
adventure,REBAS_AS_F-T,2015,12051
adventure,REBAS_AS_F-T,2015,3763
adventure,REBAS_AS_F-T,2016,1768
adventure,REBAS_AS_F-T,2016,8101
adventure,REBAS_AS_F-T,2015,1140
adventure,REBAS_AS_F-T,2015,351
adventure,REBAS_AS_F-T,2016,1774
adventure,REBAS_AS_F-T,2016,2734
adventure,REBAS_AS_F-T,2016,1930
adventure,REBAS_AS_F-T,2017,0
adventure,REBAS_AS_F-T,2016,912
adventure,REBAS_AS_F-T,2016,5168
adventure,REBAS_AS_F-T,2017,21137
adventure,REBAS_AS_F-T,2016,1234
adventure,REBAS_AS_F-T,2016,2413
adventure,REBAS_AS_F-T,2016,3376
adventure,REBAS_AS_F-T,2016,1391
adventure,REBAS_AS_F-T,2016,1032
adventure,REBAS_AS_F-T,2016,1604
adventure,REBAS_AS_F-T,2016,7331
adventure,REBAS_AS_F-T,2015,1578
adventure,REBAS_AS_F-T,2016,8717
adventure,REBAS_AS_F-T,2015,6737
adventure,REBAS_AS_F-T,2015,1970
adventure,REBAS_AS_F-T,2016,3083
adventure,REBAS_AS_F-T,2015,53
adventure,REBAS_AS_F-T,2016,30890
adventure,REBAS_AS_F-T,2016,2797
adventure,REBAS_AS_F-T,2016,1515
adventure,REBAS_AS_F-T,2016,1
adventure,REBAS_AS_F-T,2016,31006
adventure,REBAS_AS_F-T,2016,30786
adventure,REBAS_AS_F-T,2016,0
adventure,REBAS_AS_F-T,2016,6302
adventure,REBAS_AS_F-T,2016,0
adventure,REBAS_AS_F-T,2016,24647
adventure,REBAS_AS_F-T,2016,0
adventure,REBAS_AS_F-T,2016,31630
adventure,REBAS_AS_F-T,2016,4513
adventure,REBAS_AS_F-T,2016,2374
adventure,REBAS_AS_F-T,2013,35
adventure,REBAS_AS_F-T,2016,0
adventure,REBAS_AS_F-T,2016,6545
adventure,REBAS_AS_F-T,2016,5349
adventure,REBAS_AS_F-T,2016,1814
adventure,REBAS_AS_F-T,2016,6166
adventure,REBAS_AS_F-T,2016,1672
adventure,REBAS_AS_F-T,2016,0
adventure,REBAS_AS_F-T,2016,27780
adventure,REBAS_AS_F-T,2016,5443
adventure,REBAS_AS_F-T,2016,0
adventure,REBAS_AS_F-T,2016,3071
adventure,REBAS_AS_F-T,2016,6359
adventure,REBAS_AS_F-T,2016,0
adventure,REBAS_AS_F-T,2016,7526
adventure,REBAS_AS_F-T,2016,19684
adventure,REBAS_AS_F-T,2016,6398
adventure,REBAS_AS_F-T,2016,8577
adventure,REBAS_AS_F-T,2016,0
adventure,REBAS_AS_F-T,2016,24549
adventure,REBAS_AS_F-T,2016,1615
adventure,REBAS_AS_F-T,2016,3064
adventure,REBAS_AS_F-T,2016,0
adventure,REBAS_AS_F-T,2016,1248
adventure,REBAS_AS_F-T,2016,4198
adventure,REBAS_AS_F-T,2015,4008
adventure,REBAS_AS_F-T,2016,6511
adventure,REBAS_AS_F-T,2017,1180
adventure,REBAS_AS_F-T,2016,7115
adventure,REBAS_AS_F-T,2015,0
adventure,REBAS_AS_F-T,2016,0
adventure,REBAS_AS_F-T,2016,4269
adventure,REBAS_AS_F-T,2016,1713
adventure,REBAS_AS_F-T,2016,7527
adventure,REBAS_AS_F-T,2016,1520
adventure,REBAS_AS_F-T,2016,2304
adventure,REBAS_AS_F-T,2016,812
adventure,REBAS_AS_F-T,2016,536
adventure,REBAS_AS_F-T,2016,1998
adventure,REBAS_AS_F-T,2015,0
adventure,REBAS_AS_F-T,2016,0
adventure,REBAS_AS_F-T,2016,27027
adventure,REBAS_AS_F-T,2016,0
adventure,REBAS_AS_F-T,2016,1498
adventure,REBAS_AS_F-T,2016,1545
adventure,REBAS_AS_F-T,2016,6680
adventure,REBAS_AS_F-T,2016,1
adventure,REBAS_AS_F-T,2016,26693
adventure,REBAS_AS_F-T,2016,0
adventure,REBAS_AS_F-T,2016,747
adventure,REBAS_AS_F-T,2016,2519
adventure,REBAS_AS_F-T,2016,6226
adventure,REBAS_AS_F-T,2016,0
adventure,REBAS_AS_F-T,2016,14201
adventure,REBAS_AS_F-T,2016,1661
adventure,REBAS_AS_F-T,2016,3851
adventure,REBAS_AS_F-T,2016,6346
adventure,REBAS_AS_F-T,2016,0
adventure,REBAS_AS_F-T,2016,0
adventure,REBAS_AS_F-T,2016,0
adventure,REBAS_AS_F-T,2016,0
adventure,REBAS_AS_F-T,2016,0
adventure,REBAS_AS_F-T,2016,5219
adventure,REBAS_AS_F-T,2016,7337
adventure,REBAS_AS_F-T,2016,3970
adventure,REBAS_AS_F-T,2016,6720
adventure,REBAS_AS_F-T,2016,1605
adventure,REBAS_AS_F-T,2016,10971
adventure,REBAS_AS_F-T,2016,2600
adventure,REBAS_AS_F-T,2016,4
adventure,REBAS_AS_F-T,2016,1538
adventure,REBAS_AS_F-T,2016,7298
adventure,REBAS_AS_F-T,2016,12232
adventure,REBAS_AS_F-T,2016,0
adventure,REBAS_AS_F-T,2016,13289
adventure,REBAS_AS_F-T,2016,1710
adventure,REBAS_AS_F-T,2016,11868
adventure,REBAS_AS_F-T,2015,0
adventure,REBAS_AS_F-T,2016,6587
adventure,REBAS_AS_F-T,2016,2359
adventure,REBAS_AS_F-T,2016,24009
adventure,REBAS_AS_F-T,2008,0
adventure,REBAS_AS_F-T,2016,0
adventure,REBAS_AS_F-T,2016,1748
adventure,REBAS_AS_F-T,2016,2318
adventure,REBAS_AS_F-T,2016,3865
adventure,REBAS_AS_F-T,2016,6232
adventure,REBAS_AS_F-T,2014,912
adventure,REBAS_AS_F-T,2016,1382
adventure,REBAS_AS_F-T,2016,0
adventure,REBAS_AS_F-T,2016,5325
adventure,REBAS_AS_F-T,2016,0
adventure,REBAS_AS_F-T,2014,0
adventure,REBAS_AS_F-T,2010,0
adventure,REBAS_AS_F-T,2017,0
adventure,REBAS_AS_F-T,2016,6430
adventure,REBAS_AS_F-T,2016,0
